origin,year,month,day,hour,temp,dewp,humid,wind_dir,wind_speed,wind_gust,precip,pressure,visib
EWR,2013,1,1,0,37.04,21.92,53.97,230,10.35702,11.9186514756,0,1013.9,10
EWR,2013,1,1,1,37.04,21.92,53.97,230,13.80936,15.8915353008,0,1013,10
EWR,2013,1,1,2,37.94,21.92,52.09,230,12.65858,14.5672406924,0,1012.6,10
EWR,2013,1,1,3,37.94,23,54.51,230,13.80936,15.8915353008,0,1012.7,10
EWR,2013,1,1,4,37.94,24.08,57.04,240,14.96014,17.2158299092,0,1012.8,10
EWR,2013,1,1,6,39.02,26.06,59.37,270,10.35702,11.9186514756,0,1012,10
EWR,2013,1,1,7,39.02,26.96,61.63,250,8.05546,9.2700622588,0,1012.3,10
EWR,2013,1,1,8,39.02,28.04,64.43,240,11.5078,13.242946084,0,1012.5,10
EWR,2013,1,1,9,39.92,28.04,62.21,250,12.65858,14.5672406924,0,1012.2,10
EWR,2013,1,1,10,39.02,28.04,64.43,260,12.65858,14.5672406924,0,1011.9,10
EWR,2013,1,1,11,37.94,28.04,67.21,240,11.5078,13.242946084,0,1012.4,10
EWR,2013,1,1,12,39.02,28.04,64.43,240,14.96014,17.2158299092,0,1012.2,10
EWR,2013,1,1,13,39.92,28.04,62.21,250,10.35702,11.9186514756,0,1012.2,10
EWR,2013,1,1,14,39.92,28.04,62.21,260,14.96014,17.2158299092,0,1012.7,10
EWR,2013,1,1,15,41,28.04,59.65,260,13.80936,15.8915353008,0,1012.4,10
EWR,2013,1,1,16,41,26.96,57.06,260,14.96014,17.2158299092,0,1011.4,10
EWR,2013,1,1,17,39.2,28.4,64.93,270,16.11092,18.5401245176,0,NULL,10
EWR,2013,1,1,18,39.2,28.4,64.93,330,14.96014,17.2158299092,0,NULL,10
EWR,2013,1,1,19,39.02,24.08,54.68,280,13.80936,15.8915353008,0,1010.8,10
EWR,2013,1,1,20,37.94,24.08,57.04,290,9.20624,10.5943568672,0,1011.9,10
EWR,2013,1,1,21,37.04,19.94,49.62,300,13.80936,15.8915353008,0,1012.1,10
EWR,2013,1,1,22,35.96,19.04,49.83,330,11.5078,13.242946084,0,1013.2,10
EWR,2013,1,1,23,33.98,15.08,45.43,310,12.65858,14.5672406924,0,1014.1,10
EWR,2013,1,2,0,33.08,12.92,42.84,320,10.35702,11.9186514756,0,1014.4,10
EWR,2013,1,2,1,32,15.08,49.19,310,14.96014,17.2158299092,0,1015.2,10
EWR,2013,1,2,2,30.02,12.92,48.48,320,18.41248,21.1887137344,0,1016,10
EWR,2013,1,2,3,28.94,12.02,48.69,320,18.41248,21.1887137344,0,1016.5,10
EWR,2013,1,2,4,28.04,10.94,48.15,310,16.11092,18.5401245176,0,1016.4,10
EWR,2013,1,2,5,26.96,10.94,50.34,310,14.96014,17.2158299092,0,1016.3,10
EWR,2013,1,2,6,26.06,10.94,52.25,330,12.65858,14.5672406924,0,1016.3,10
EWR,2013,1,2,7,24.98,10.94,54.65,330,13.80936,15.8915353008,0,1017,10
EWR,2013,1,2,8,24.08,8.96,51.93,320,14.96014,17.2158299092,0,1016.6,10
EWR,2013,1,2,9,24.08,8.96,51.93,330,12.65858,14.5672406924,0,1016.9,10
EWR,2013,1,2,10,24.08,8.96,51.93,330,6.90468,7.9457676504,0,1016.9,10
EWR,2013,1,2,11,24.08,8.96,51.93,310,3.45234,3.9728838252,0,1017.2,10
EWR,2013,1,2,12,24.98,10.04,52.5,300,6.90468,7.9457676504,0,1017.6,10
EWR,2013,1,2,13,24.98,10.04,52.5,280,9.20624,10.5943568672,0,1018.5,10
EWR,2013,1,2,14,26.96,10.04,48.36,290,11.5078,13.242946084,0,1019,10
EWR,2013,1,2,15,28.94,10.94,46.41,280,9.20624,10.5943568672,0,1018.5,10
EWR,2013,1,2,16,30.92,12.02,44.92,300,14.96014,17.2158299092,0,1017.5,10
EWR,2013,1,2,17,32,12.92,44.74,290,12.65858,14.5672406924,0,1017.1,10
EWR,2013,1,2,18,33.98,12.92,41.33,290,16.11092,18.5401245176,0,1017.3,10
EWR,2013,1,2,19,33.98,10.94,37.86,310,17.2617,19.864419126,0,1017.8,10
EWR,2013,1,2,20,33.98,12.02,39.72,310,13.80936,15.8915353008,0,1018.5,10
EWR,2013,1,2,21,32,12.92,44.74,310,6.90468,7.9457676504,0,1018.6,10
EWR,2013,1,2,22,32,12.92,44.74,290,12.65858,14.5672406924,0,1019.7,10
EWR,2013,1,2,23,30.92,12.92,46.74,300,11.5078,13.242946084,0,1020.3,10
EWR,2013,1,3,0,30.92,14,49.01,290,6.90468,7.9457676504,0,1020.4,10
EWR,2013,1,3,1,30.02,14,50.84,280,9.20624,10.5943568672,0,1020.6,10
EWR,2013,1,3,2,30.02,14,50.84,270,5.7539,6.621473042,0,1021.2,10
EWR,2013,1,3,3,28.94,15.08,55.69,270,8.05546,9.2700622588,0,1021.7,10
EWR,2013,1,3,4,28.94,15.08,55.69,280,9.20624,10.5943568672,0,1022.2,10
EWR,2013,1,3,5,28.04,15.08,57.79,290,8.05546,9.2700622588,0,1021.8,10
EWR,2013,1,3,6,28.04,15.08,57.79,280,10.35702,11.9186514756,0,1022.1,10
EWR,2013,1,3,7,26.96,15.08,60.41,270,8.05546,9.2700622588,0,1022.3,10
EWR,2013,1,3,8,26.96,15.08,60.41,280,6.90468,7.9457676504,0,1022.1,10
EWR,2013,1,3,9,26.06,15.08,62.7,290,5.7539,6.621473042,0,1021.9,10
EWR,2013,1,3,10,26.06,15.08,62.7,290,5.7539,6.621473042,0,1022,10
EWR,2013,1,3,11,26.06,15.98,65.21,310,6.90468,7.9457676504,0,1022.4,10
EWR,2013,1,3,12,26.06,15.98,65.21,320,5.7539,6.621473042,0,1022.2,10
EWR,2013,1,3,13,26.96,17.06,65.84,310,5.7539,6.621473042,0,1022.4,10
EWR,2013,1,3,14,28.04,17.06,62.97,290,5.7539,6.621473042,0,1022.8,10
EWR,2013,1,3,15,30.92,15.08,51.38,290,9.20624,10.5943568672,0,1022.1,10
EWR,2013,1,3,16,30.92,14,49.01,0,4.60312,5.2971784336,0,1021,10
EWR,2013,1,3,17,33.08,12.92,42.84,260,8.05546,9.2700622588,0,1019.8,10
EWR,2013,1,3,18,33.98,12.92,41.33,260,9.20624,10.5943568672,0,1019.1,10
EWR,2013,1,3,19,33.98,12.92,41.33,240,8.05546,9.2700622588,0,1018.7,10
EWR,2013,1,3,20,33.08,14,44.92,250,11.5078,13.242946084,0,1018.8,10
EWR,2013,1,3,21,32,14,46.92,270,10.35702,11.9186514756,0,1018.9,10
EWR,2013,1,3,22,30.02,15.08,53.29,240,9.20624,10.5943568672,0,1019.3,10
EWR,2013,1,3,23,30.92,15.08,51.38,240,10.35702,11.9186514756,0,1019.6,10
EWR,2013,1,4,0,30.92,15.08,51.38,230,11.5078,13.242946084,0,1019.6,10
EWR,2013,1,4,1,30.92,15.08,51.38,240,11.5078,13.242946084,0,1019.4,10
EWR,2013,1,4,2,30.92,15.98,53.44,240,12.65858,14.5672406924,0,1019,10
EWR,2013,1,4,3,28.94,17.06,60.69,230,10.35702,11.9186514756,0,1019,10
EWR,2013,1,4,4,30.02,17.96,60.38,240,10.35702,11.9186514756,0,1018.4,10
EWR,2013,1,4,5,30.02,17.96,60.38,240,13.80936,15.8915353008,0,1018,10
EWR,2013,1,4,6,28.94,17.96,63.1,230,8.05546,9.2700622588,0,1018.1,10
EWR,2013,1,4,7,30.02,19.04,63.24,240,10.35702,11.9186514756,0,1018.3,10
EWR,2013,1,4,8,28.94,19.04,66.09,250,11.5078,13.242946084,0,1018.2,10
EWR,2013,1,4,9,28.94,19.94,68.68,230,6.90468,7.9457676504,0,1018.4,10
EWR,2013,1,4,10,30.92,21.02,66.34,240,11.5078,13.242946084,0,1018.4,10
EWR,2013,1,4,11,33.08,21.02,60.81,230,16.11092,18.5401245176,0,1018.7,10
EWR,2013,1,4,12,33.98,21.92,60.93,240,10.35702,11.9186514756,0,1018.7,10
EWR,2013,1,4,13,35.06,21.92,58.37,250,13.80936,15.8915353008,0,1019,10
EWR,2013,1,4,14,35.96,21.02,54.21,250,14.96014,17.2158299092,0,1019,10
EWR,2013,1,4,15,37.04,19.04,47.75,260,16.11092,18.5401245176,0,1018.1,10
EWR,2013,1,4,16,37.04,19.04,47.75,270,20.71404,23.8373029512,0,1016.9,10
EWR,2013,1,4,17,39.92,19.94,44.33,260,17.2617,19.864419126,0,1015.8,10
EWR,2013,1,4,18,37.94,19.04,46.09,250,24.16638,27.8101867764,0,1015.1,10
EWR,2013,1,4,19,37.94,19.94,47.89,250,21.86482,25.1615975596,0,1014.7,10
EWR,2013,1,4,20,37.94,19.94,47.89,250,18.41248,21.1887137344,0,1014.6,10
EWR,2013,1,4,21,37.04,19.94,49.62,250,17.2617,19.864419126,0,1014.8,10
EWR,2013,1,4,22,35.96,21.02,54.21,230,13.80936,15.8915353008,0,1015.2,10
EWR,2013,1,4,23,35.06,21.02,56.18,230,9.20624,10.5943568672,0,1015.4,10
EWR,2013,1,5,0,35.06,21.02,56.18,240,11.5078,13.242946084,0,1015.5,10
EWR,2013,1,5,1,35.06,19.94,53.66,250,11.5078,13.242946084,0,1015.3,10
EWR,2013,1,5,2,35.06,19.94,53.66,250,13.80936,15.8915353008,0,1015.7,10
EWR,2013,1,5,3,33.98,19.04,53.91,250,11.5078,13.242946084,0,1016.2,10
EWR,2013,1,5,4,33.08,19.04,55.89,240,11.5078,13.242946084,0,1016.6,10
EWR,2013,1,5,5,33.08,17.96,53.36,260,10.35702,11.9186514756,0,1017.1,10
EWR,2013,1,5,6,33.08,17.06,51.33,270,10.35702,11.9186514756,0,1017.7,10
EWR,2013,1,5,7,32,17.06,53.6,280,12.65858,14.5672406924,0,1018.8,10
EWR,2013,1,5,8,32,17.06,53.6,290,18.41248,21.1887137344,0,1019.3,10
EWR,2013,1,5,9,32,17.06,53.6,260,11.5078,13.242946084,0,1020.2,10
EWR,2013,1,5,10,32,17.06,53.6,240,12.65858,14.5672406924,0,1021,10
EWR,2013,1,5,11,33.08,17.96,53.36,250,10.35702,11.9186514756,0,1022.4,10
EWR,2013,1,5,12,32,19.04,58.37,250,9.20624,10.5943568672,0,1023,10
EWR,2013,1,5,13,35.06,19.94,53.66,240,9.20624,10.5943568672,0,1024.5,10
EWR,2013,1,5,14,37.94,21.02,50.14,270,10.35702,11.9186514756,0,1024.8,10
EWR,2013,1,5,15,41,21.02,44.51,310,10.35702,11.9186514756,0,1024.9,10
EWR,2013,1,5,16,42.08,19.94,40.77,320,14.96014,17.2158299092,0,1024.6,10
EWR,2013,1,5,17,42.98,19.94,39.38,310,13.80936,15.8915353008,0,1023.9,10
EWR,2013,1,5,18,44.06,19.94,37.79,290,11.5078,13.242946084,0,1023.6,10
EWR,2013,1,5,19,44.06,19.94,37.79,310,9.20624,10.5943568672,0,1024,10
EWR,2013,1,5,20,42.98,19.04,37.9,310,8.05546,9.2700622588,0,1024.1,10
EWR,2013,1,5,21,41,19.94,42.51,310,4.60312,5.2971784336,0,1024,10
EWR,2013,1,5,22,39.92,19.94,44.33,280,4.60312,5.2971784336,0,1024.7,10
EWR,2013,1,5,23,39.02,21.92,49.93,240,8.05546,9.2700622588,0,1025,10
EWR,2013,1,6,0,35.96,21.92,56.32,240,6.90468,7.9457676504,0,1024.8,10
EWR,2013,1,6,1,33.98,21.92,60.93,240,4.60312,5.2971784336,0,1024.2,10
EWR,2013,1,6,2,33.08,23,66.11,220,4.60312,5.2971784336,0,1024.1,10
EWR,2013,1,6,3,33.08,23,66.11,210,4.60312,5.2971784336,0,1023.3,10
EWR,2013,1,6,4,32,23,69.04,210,4.60312,5.2971784336,0,1022.8,10
EWR,2013,1,6,5,33.98,23,63.77,210,5.7539,6.621473042,0,1023.3,10
EWR,2013,1,6,6,33.98,23,63.77,230,9.20624,10.5943568672,0,1023.4,10
EWR,2013,1,6,7,33.98,23,63.77,200,4.60312,5.2971784336,0,1022.5,10
EWR,2013,1,6,8,33.98,24.08,66.72,200,5.7539,6.621473042,0,1021.7,10
EWR,2013,1,6,9,33.08,28.04,81.5,200,8.05546,9.2700622588,0,1020.5,10
EWR,2013,1,6,10,33.8,30.2,86.49,210,4.60312,5.2971784336,0,NULL,6
EWR,2013,1,6,11,33.98,30.92,88.42,210,5.7539,6.621473042,0,1020.3,6
EWR,2013,1,6,12,33.8,32,93.03,220,9.20624,10.5943568672,0,NULL,6
EWR,2013,1,6,13,35.6,32,86.59,240,8.05546,9.2700622588,0,NULL,6
EWR,2013,1,6,14,35.6,32,86.59,230,8.05546,9.2700622588,0,NULL,7
EWR,2013,1,6,15,37.4,30.2,74.98,250,11.5078,13.242946084,0,NULL,9
EWR,2013,1,6,16,42.98,30.02,59.93,240,10.35702,11.9186514756,0,1017.4,10
EWR,2013,1,6,17,46.04,28.94,51.03,250,10.35702,11.9186514756,0,1016.3,10
EWR,2013,1,6,18,46.94,26.96,45.48,240,13.80936,15.8915353008,0,1015.5,10
EWR,2013,1,6,19,48.02,24.98,40.22,250,14.96014,17.2158299092,0,1015.1,10
EWR,2013,1,6,20,46.94,24.08,40.35,260,11.5078,13.242946084,0,1015,10
EWR,2013,1,6,21,44.96,26.06,47.23,260,6.90468,7.9457676504,0,1015.5,10
EWR,2013,1,6,22,44.06,26.06,48.87,270,8.05546,9.2700622588,0,1016,10
EWR,2013,1,6,23,44.06,24.98,46.73,250,10.35702,11.9186514756,0,1016.5,10
EWR,2013,1,7,0,42.98,24.98,48.7,260,10.35702,11.9186514756,0,1016.6,10
EWR,2013,1,7,1,42.98,26.06,50.94,270,10.35702,11.9186514756,0,1016.5,10
EWR,2013,1,7,2,42.08,26.06,52.73,270,10.35702,11.9186514756,0,1016.7,10
EWR,2013,1,7,3,41,26.96,57.06,270,6.90468,7.9457676504,0,1017.2,10
EWR,2013,1,7,4,39.92,26.96,59.5,270,9.20624,10.5943568672,0,1017.6,10
EWR,2013,1,7,5,39.92,26.96,59.5,260,8.05546,9.2700622588,0,1018.1,10
EWR,2013,1,7,6,37.94,26.96,64.29,270,8.05546,9.2700622588,0,1018.7,10
EWR,2013,1,7,7,35.96,26.96,69.51,280,6.90468,7.9457676504,0,1019.3,10
EWR,2013,1,7,8,37.04,28.04,69.63,260,6.90468,7.9457676504,0,1019.8,10
EWR,2013,1,7,9,35.96,28.04,72.66,280,9.20624,10.5943568672,0,1020.6,10
EWR,2013,1,7,10,35.06,26.96,72.03,290,4.60312,5.2971784336,0,1021.7,10
EWR,2013,1,7,11,35.96,28.04,72.66,270,6.90468,7.9457676504,0,1023.1,10
EWR,2013,1,7,12,37.94,28.94,69.73,250,8.05546,9.2700622588,0,1024.1,10
EWR,2013,1,7,13,39.92,28.94,64.54,280,5.7539,6.621473042,0,1025.1,10
EWR,2013,1,7,14,44.06,26.96,50.73,300,13.80936,15.8915353008,0,1025.9,10
EWR,2013,1,7,15,44.96,24.08,43.49,320,14.96014,17.2158299092,0,1026.5,10
EWR,2013,1,7,16,46.04,23,39.9,300,11.5078,13.242946084,0,1026.6,10
EWR,2013,1,7,17,46.94,21.92,36.85,300,14.96014,17.2158299092,0,1026.9,10
EWR,2013,1,7,18,46.04,19.94,35.05,360,11.5078,13.242946084,0,1027.1,10
EWR,2013,1,7,19,46.94,19.94,33.88,290,11.5078,13.242946084,0,1027.6,10
EWR,2013,1,7,20,44.96,17.96,33.55,320,8.05546,9.2700622588,0,1028.4,10
EWR,2013,1,7,21,42.98,17.96,36.18,330,6.90468,7.9457676504,0,1028.8,10
EWR,2013,1,7,22,42.08,17.96,37.46,320,3.45234,3.9728838252,0,1029.1,10
EWR,2013,1,7,23,41,19.04,40.9,310,4.60312,5.2971784336,0,1029.3,10
EWR,2013,1,8,0,39.92,21.02,46.41,0,0,0,0,1029.3,10
EWR,2013,1,8,1,39.92,21.02,46.41,0,0,0,0,1029.1,10
EWR,2013,1,8,2,37.04,24.08,59.09,0,0,0,0,1028.9,10
EWR,2013,1,8,3,35.96,23,58.94,230,3.45234,3.9728838252,0,1029.3,10
EWR,2013,1,8,4,32,23,69.04,210,6.90468,7.9457676504,0,1029.2,10
EWR,2013,1,8,5,32,23,69.04,210,3.45234,3.9728838252,0,1029.2,10
EWR,2013,1,8,6,32,24.08,72.24,210,6.90468,7.9457676504,0,1029,10
EWR,2013,1,8,7,32,24.98,75,190,3.45234,3.9728838252,0,1028.7,10
EWR,2013,1,8,8,30.92,26.06,81.95,190,4.60312,5.2971784336,0,1028.2,10
EWR,2013,1,8,9,30.02,24.98,81.27,240,4.60312,5.2971784336,0,1028.6,10
EWR,2013,1,8,10,28.94,24.08,81.8,210,4.60312,5.2971784336,0,1028.9,10
EWR,2013,1,8,11,30.92,24.98,78.35,0,0,0,0,1029.2,9
EWR,2013,1,8,12,30.02,24.98,81.27,210,5.7539,6.621473042,0,1030,8
EWR,2013,1,8,13,35.06,26.96,72.03,240,6.90468,7.9457676504,0,1030.5,9
EWR,2013,1,8,14,39.02,28.94,66.85,230,9.20624,10.5943568672,0,1030.3,9
EWR,2013,1,8,15,44.06,28.94,55.02,220,13.80936,15.8915353008,0,1029.7,9
EWR,2013,1,8,16,46.04,30.02,53.33,230,10.35702,11.9186514756,0,1028.2,10
EWR,2013,1,8,17,46.94,30.02,51.55,230,14.96014,17.2158299092,0,1027.9,10
EWR,2013,1,8,18,48.92,30.02,47.86,240,11.5078,13.242946084,0,1027.6,10
EWR,2013,1,8,19,48.92,30.02,47.86,220,11.5078,13.242946084,0,1027.9,10
EWR,2013,1,8,20,48.92,28.04,44.14,240,11.5078,13.242946084,0,1027.7,10
EWR,2013,1,8,21,46.04,28.04,49.19,230,10.35702,11.9186514756,0,1027.8,10
EWR,2013,1,8,22,44.06,28.94,55.02,220,6.90468,7.9457676504,0,1028.1,10
EWR,2013,1,8,23,39.92,30.92,69.96,220,8.05546,9.2700622588,0,1028.7,10
EWR,2013,1,9,0,39.92,30.92,69.96,200,5.7539,6.621473042,0,1028.7,10
EWR,2013,1,9,1,39.02,30.02,69.86,210,5.7539,6.621473042,0,1028.6,10
EWR,2013,1,9,2,37.94,28.94,69.73,210,3.45234,3.9728838252,0,1028.6,10
EWR,2013,1,9,3,37.94,28.94,69.73,210,4.60312,5.2971784336,0,1029.3,10
EWR,2013,1,9,4,37.04,28.94,72.24,230,4.60312,5.2971784336,0,1029.2,10
EWR,2013,1,9,5,35.96,28.94,75.39,0,0,0,0,1029.1,10
EWR,2013,1,9,6,33.98,28.94,81.57,0,0,0,0,1028.7,10
EWR,2013,1,9,7,35.06,28.94,78.13,0,0,0,0,1028.5,10
EWR,2013,1,9,8,35.96,30.02,78.79,0,0,0,0,1028.4,10
EWR,2013,1,9,9,35.96,28.94,75.39,0,0,0,0,1028.2,10
EWR,2013,1,9,10,35.06,28.94,78.13,0,0,0,0,1028,9
EWR,2013,1,9,11,35.06,28.94,78.13,0,0,0,0,1028.4,9
EWR,2013,1,9,12,33.98,30.02,85.24,260,4.60312,5.2971784336,0,1029,6
EWR,2013,1,9,13,37.04,30.92,78.31,0,0,0,0,1028.7,7
EWR,2013,1,9,14,42.08,32,67.22,0,0,0,0,1028.3,7
EWR,2013,1,9,15,44.06,33.08,65.07,170,3.45234,3.9728838252,0,1026.4,7
EWR,2013,1,9,16,46.94,33.98,60.47,230,5.7539,6.621473042,0,1025.9,7
EWR,2013,1,9,17,46.04,33.98,62.56,200,9.20624,10.5943568672,0,1024.1,9
EWR,2013,1,9,18,46.94,33.98,60.47,270,8.05546,9.2700622588,0,1024.7,9
EWR,2013,1,9,19,46.94,35.06,63.13,180,8.05546,9.2700622588,0,1021.1,8
EWR,2013,1,9,20,48.92,37.04,63.39,210,13.80936,15.8915353008,0,1020.7,9
EWR,2013,1,9,21,50,37.04,60.89,240,11.5078,13.242946084,0,1021,10
EWR,2013,1,9,22,48.92,37.04,63.39,240,12.65858,14.5672406924,0,1021.7,10
EWR,2013,1,9,23,48.02,37.04,65.56,250,10.35702,11.9186514756,0,1022.1,10
EWR,2013,1,10,0,46.94,37.04,68.28,260,11.5078,13.242946084,0,1022.6,10
EWR,2013,1,10,1,44.96,37.04,73.59,230,11.5078,13.242946084,0,1022.5,10
EWR,2013,1,10,2,44.06,35.96,72.98,230,12.65858,14.5672406924,0,1022.5,10
EWR,2013,1,10,3,44.06,35.06,70.42,240,12.65858,14.5672406924,0,1023,10
EWR,2013,1,10,4,42.98,33.08,67.81,220,8.05546,9.2700622588,0,1023.7,10
EWR,2013,1,10,5,41,32,70.08,230,8.05546,9.2700622588,0,1024.6,10
EWR,2013,1,10,6,39.02,30.02,69.86,210,9.20624,10.5943568672,0,1025.9,10
EWR,2013,1,10,7,39.02,28.94,66.85,230,6.90468,7.9457676504,0,1026.9,10
EWR,2013,1,10,8,39.92,26.96,59.5,270,5.7539,6.621473042,0,1027.5,10
EWR,2013,1,10,9,41,26.06,54.97,320,6.90468,7.9457676504,0,1028.2,10
EWR,2013,1,10,10,41,26.06,54.97,300,12.65858,14.5672406924,0,1029,10
EWR,2013,1,10,11,39.92,24.98,54.81,280,6.90468,7.9457676504,0,1030,10
EWR,2013,1,10,12,41,24.98,52.56,330,6.90468,7.9457676504,0,1031.4,10
EWR,2013,1,10,13,42.98,24.98,48.7,330,8.05546,9.2700622588,0,1032.2,10
EWR,2013,1,10,14,44.96,23,41.56,320,17.2617,19.864419126,0,1032.7,10
EWR,2013,1,10,15,44.96,21.92,39.72,320,11.5078,13.242946084,0,1032.8,10
EWR,2013,1,10,16,46.94,21.92,36.85,330,13.80936,15.8915353008,0,1032,10
EWR,2013,1,10,17,48.92,21.92,34.21,320,14.96014,17.2158299092,0,1031.3,10
EWR,2013,1,10,18,50,21.92,32.86,310,12.65858,14.5672406924,0,1031.5,10
EWR,2013,1,10,19,50,21.92,32.86,300,11.5078,13.242946084,0,1031.9,10
EWR,2013,1,10,20,48.92,21.02,32.93,330,10.35702,11.9186514756,0,1032.4,10
EWR,2013,1,10,21,46.94,21.92,36.85,310,8.05546,9.2700622588,0,1032.8,10
EWR,2013,1,10,22,46.04,21.92,38.12,320,8.05546,9.2700622588,0,1033.3,10
EWR,2013,1,10,23,44.96,23,41.56,330,6.90468,7.9457676504,0,1033.8,10
EWR,2013,1,11,0,44.06,23,43.02,340,4.60312,5.2971784336,0,1033.6,10
EWR,2013,1,11,1,44.06,23,43.02,340,6.90468,7.9457676504,0,1034,10
EWR,2013,1,11,2,41,24.98,52.56,10,8.05546,9.2700622588,0,1033.5,10
EWR,2013,1,11,3,39.02,24.98,56.77,30,8.05546,9.2700622588,0,1034,10
EWR,2013,1,11,4,39.92,24.08,52.79,0,0,0,0,1034.4,10
EWR,2013,1,11,5,37.94,24.98,59.22,20,4.60312,5.2971784336,0,1033.6,10
EWR,2013,1,11,6,37.04,24.08,59.09,20,8.05546,9.2700622588,0,1033.2,10
EWR,2013,1,11,7,35.06,24.08,63.91,30,5.7539,6.621473042,0,1033.1,10
EWR,2013,1,11,8,35.96,24.08,61.67,10,5.7539,6.621473042,0,1032.2,10
EWR,2013,1,11,9,35.96,24.08,61.67,10,6.90468,7.9457676504,0,1031.3,10
EWR,2013,1,11,10,37.04,24.98,61.35,0,0,0,0,1031.7,10
EWR,2013,1,11,11,37.94,24.98,59.22,0,0,0,0,1031.8,10
EWR,2013,1,11,12,39.02,26.06,59.37,0,0,0,0,1031.9,10
EWR,2013,1,11,13,41,28.94,61.89,80,5.7539,6.621473042,0,1031.4,10
EWR,2013,1,11,14,42.08,30.92,64.35,80,5.7539,6.621473042,0,1031.1,10
EWR,2013,1,11,15,42.98,32,64.93,80,5.7539,6.621473042,0,1029.7,10
EWR,2013,1,11,16,44.06,33.08,65.07,90,5.7539,6.621473042,0,1028.4,10
EWR,2013,1,11,17,44.96,35.96,70.52,0,4.60312,5.2971784336,0,1027.3,10
EWR,2013,1,11,18,44.96,37.04,73.59,90,5.7539,6.621473042,0,1026.6,10
EWR,2013,1,11,19,44.96,37.94,76.25,80,5.7539,6.621473042,0,1025.9,10
EWR,2013,1,11,20,44.96,39.92,82.38,110,4.60312,5.2971784336,0,1024.9,10
EWR,2013,1,11,21,46.4,39.2,75.84,90,4.60312,5.2971784336,0,NULL,10
EWR,2013,1,11,22,46.4,42.8,87.19,130,5.7539,6.621473042,0.01,NULL,3
EWR,2013,1,11,23,46.4,44.6,93.4,130,5.7539,6.621473042,0.01,NULL,3
EWR,2013,1,12,0,46.4,44.6,93.4,0,0,0,0.06,NULL,3
EWR,2013,1,12,1,46.4,44.6,93.4,0,0,0,0.03,NULL,2
EWR,2013,1,12,2,42.98,42.98,100,20,5.7539,6.621473042,0.09,1020.6,1
EWR,2013,1,12,3,44.6,44.6,100,340,3.45234,3.9728838252,0.04,NULL,1
EWR,2013,1,12,4,42.8,42.8,100,10,8.05546,9.2700622588,0.02,NULL,2
EWR,2013,1,12,5,42.8,42.8,100,20,5.7539,6.621473042,0.01,NULL,1
EWR,2013,1,12,6,44.06,42.98,95.95,340,9.20624,10.5943568672,0.01,1018.8,1
EWR,2013,1,12,7,44.06,44.06,100,360,6.90468,7.9457676504,0.01,1019.2,2
EWR,2013,1,12,8,44.6,44.6,100,20,9.20624,10.5943568672,0,NULL,4
EWR,2013,1,12,9,44.6,44.6,100,10,8.05546,9.2700622588,0,NULL,6
EWR,2013,1,12,10,44.6,44.6,100,10,8.05546,9.2700622588,0,NULL,6
EWR,2013,1,12,11,44.06,44.06,100,20,8.05546,9.2700622588,0,1019.5,6
EWR,2013,1,12,12,44.96,44.06,96.63,10,10.35702,11.9186514756,0,1020.4,6
EWR,2013,1,12,13,44.96,44.06,96.63,10,8.05546,9.2700622588,0,1021,7
EWR,2013,1,12,14,46.04,44.06,92.75,10,6.90468,7.9457676504,0,1020.9,6
EWR,2013,1,12,15,46.94,44.96,92.78,360,4.60312,5.2971784336,0,1021.1,6
EWR,2013,1,12,16,48.02,44.96,89.08,40,5.7539,6.621473042,0,1020.4,6
EWR,2013,1,12,17,46.94,44.96,92.78,30,4.60312,5.2971784336,0,1020.5,6
EWR,2013,1,12,18,48.02,44.96,89.08,30,3.45234,3.9728838252,0,1020.7,6
EWR,2013,1,12,19,48.02,44.96,89.08,50,5.7539,6.621473042,0,1020.3,5
EWR,2013,1,12,20,48.2,44.6,87.28,40,3.45234,3.9728838252,0,NULL,2
EWR,2013,1,12,21,46.94,44.96,92.78,50,4.60312,5.2971784336,0,1021,2
EWR,2013,1,12,22,46.94,44.96,92.78,30,6.90468,7.9457676504,0,1021.7,2
EWR,2013,1,12,23,46.94,44.96,92.78,0,0,0,0,1021,3
EWR,2013,1,13,0,46.04,44.06,92.75,0,0,0,0,1021.7,3
EWR,2013,1,13,1,46.04,44.06,92.75,0,0,0,0,1020.9,3
EWR,2013,1,13,2,46.04,44.06,92.75,0,0,0,0,1020.2,3
EWR,2013,1,13,3,46.04,44.06,92.75,0,0,0,0,1020.4,3
EWR,2013,1,13,4,46.4,44.6,93.4,0,0,0,0,NULL,2
EWR,2013,1,13,5,46.4,44.6,93.4,0,0,0,0,NULL,0
EWR,2013,1,13,6,44.96,44.96,100,0,0,0,0,1020.5,0
EWR,2013,1,13,7,44.6,44.6,100,120,3.45234,3.9728838252,0,NULL,0
EWR,2013,1,13,8,44.6,44.6,100,200,4.60312,5.2971784336,0,NULL,0
EWR,2013,1,13,9,44.6,44.6,100,200,5.7539,6.621473042,0,NULL,0
EWR,2013,1,13,10,44.6,44.6,100,160,3.45234,3.9728838252,0,NULL,0
EWR,2013,1,13,11,44.6,44.6,100,160,3.45234,3.9728838252,0,NULL,0
EWR,2013,1,13,12,44.6,44.6,100,160,5.7539,6.621473042,0,NULL,0
EWR,2013,1,13,13,44.06,44.06,100,0,0,0,0,1020.9,0
EWR,2013,1,13,14,44.06,44.06,100,0,0,0,0,1021,0
EWR,2013,1,13,15,44.06,44.06,100,140,4.60312,5.2971784336,0,1021.1,0
EWR,2013,1,13,16,46.4,44.6,93.4,0,0,0,0,NULL,2
EWR,2013,1,13,17,46.4,44.6,93.4,0,3.45234,3.9728838252,0,NULL,3
EWR,2013,1,13,18,48.02,44.96,89.08,140,3.45234,3.9728838252,0,1018.1,3
EWR,2013,1,13,19,48.2,44.6,87.28,120,4.60312,5.2971784336,0,NULL,3
EWR,2013,1,13,20,46.4,44.6,93.4,110,5.7539,6.621473042,0,NULL,3
EWR,2013,1,13,21,46.94,44.06,89.65,0,0,0,0,1017.5,5
EWR,2013,1,13,22,48.02,44.96,89.08,0,0,0,0,1017.5,7
EWR,2013,1,13,23,48.92,44.96,86.13,0,0,0,0,1017.2,10
EWR,2013,1,14,0,48.2,46.4,93.45,0,0,0,0,NULL,2
EWR,2013,1,14,1,48.2,46.4,93.45,0,0,0,0,NULL,0
EWR,2013,1,14,2,48.02,48.02,100,0,0,0,0,1016.4,0
EWR,2013,1,14,3,48.02,48.02,100,0,0,0,0,1016.5,0
EWR,2013,1,14,4,48.02,48.02,100,0,0,0,0,1016.4,0
EWR,2013,1,14,5,48.2,48.2,100,0,0,0,0,NULL,0
EWR,2013,1,14,6,48.92,48.92,100,0,0,0,0,1015.9,0
EWR,2013,1,14,7,48.92,48.92,100,0,0,0,0,1016,0
EWR,2013,1,14,8,48.92,48.92,100,0,0,0,0,1015.7,0
EWR,2013,1,14,9,48.2,48.2,100,0,0,0,0,NULL,0
EWR,2013,1,14,10,48.92,48.92,100,140,3.45234,3.9728838252,0,1014,0
EWR,2013,1,14,11,51.08,51.08,100,0,3.45234,3.9728838252,0,1016,0
EWR,2013,1,14,12,51.8,51.8,100,290,6.90468,7.9457676504,0,NULL,0
EWR,2013,1,14,13,51.98,51.08,96.73,260,4.60312,5.2971784336,0,1017.7,2
EWR,2013,1,14,14,51.8,51.8,100,240,5.7539,6.621473042,0,NULL,3
EWR,2013,1,14,15,55.94,53.06,90.03,270,5.7539,6.621473042,0,1018.6,8
EWR,2013,1,14,16,57.92,50,74.86,320,11.5078,13.242946084,0,1018.6,9
EWR,2013,1,14,17,55.94,44.96,66.52,340,11.5078,13.242946084,0,1018.3,10
EWR,2013,1,14,18,57.02,44.06,61.81,320,10.35702,11.9186514756,0,1019,10
EWR,2013,1,14,19,55.94,37.94,50.72,340,12.65858,14.5672406924,0,1020,10
EWR,2013,1,14,20,55.04,39.02,54.67,350,13.80936,15.8915353008,0,1020.8,10
EWR,2013,1,14,21,53.06,30.92,42.58,320,14.96014,17.2158299092,0,1021,10
EWR,2013,1,14,22,51.08,30.92,45.81,330,10.35702,11.9186514756,0,1021.8,10
EWR,2013,1,14,23,51.08,30.02,44.16,330,11.5078,13.242946084,0,1022.4,10
EWR,2013,1,15,0,48.92,28.04,44.14,320,11.5078,13.242946084,0,1024.5,10
EWR,2013,1,15,1,48.02,26.96,43.67,330,12.65858,14.5672406924,0,1024.6,10
EWR,2013,1,15,2,44.06,30.92,59.64,330,17.2617,19.864419126,0,1025.1,10
EWR,2013,1,15,3,41,35.06,79.21,340,11.5078,13.242946084,0.04,1025.5,10
EWR,2013,1,15,4,41,35.96,82.09,350,8.05546,9.2700622588,0.02,1025.7,10
EWR,2013,1,15,5,39.92,35.96,85.61,50,4.60312,5.2971784336,0.02,1024.8,10
EWR,2013,1,15,6,37.94,35.06,89.25,30,9.20624,10.5943568672,0.03,1025.3,10
EWR,2013,1,15,7,37.4,35.6,93.14,20,12.65858,14.5672406924,0.03,NULL,9
EWR,2013,1,15,8,37.4,35.6,93.14,50,10.35702,11.9186514756,0,NULL,10
EWR,2013,1,15,9,35.96,32,85.37,360,8.05546,9.2700622588,0,1024.9,10
EWR,2013,1,15,10,35.96,30.92,81.72,360,10.35702,11.9186514756,0,1025.2,10
EWR,2013,1,15,11,37.04,30.02,75.5,360,8.05546,9.2700622588,0,1026,10
EWR,2013,1,15,12,37.04,28.04,69.63,10,9.20624,10.5943568672,0,1026.5,10
EWR,2013,1,15,13,37.04,28.04,69.63,10,12.65858,14.5672406924,0,1027.4,10
EWR,2013,1,15,14,37.04,26.96,66.6,10,13.80936,15.8915353008,0,1027.2,10
EWR,2013,1,15,15,37.04,26.06,64.17,20,10.35702,11.9186514756,0,1027.7,10
EWR,2013,1,15,16,39.02,24.98,56.77,360,11.5078,13.242946084,0,1026.8,10
EWR,2013,1,15,17,39.02,26.06,59.37,20,8.05546,9.2700622588,0,1025.4,10
EWR,2013,1,15,18,39.02,24.98,56.77,330,8.05546,9.2700622588,0,1025.2,10
EWR,2013,1,15,19,39.02,26.06,59.37,350,9.20624,10.5943568672,0,1024.9,10
EWR,2013,1,15,20,39.02,26.06,59.37,350,9.20624,10.5943568672,0,1025.4,10
EWR,2013,1,15,21,39.02,24.98,56.77,340,8.05546,9.2700622588,0,1025.5,10
EWR,2013,1,15,22,39.02,26.06,59.37,360,8.05546,9.2700622588,0,1025.1,10
EWR,2013,1,15,23,39.02,26.06,59.37,360,5.7539,6.621473042,0,1025.7,10
EWR,2013,1,16,0,37.94,26.06,61.94,10,4.60312,5.2971784336,0,1025,10
EWR,2013,1,16,1,37.94,24.98,59.22,20,6.90468,7.9457676504,0,1025.3,10
EWR,2013,1,16,2,37.94,26.96,64.29,30,5.7539,6.621473042,0,1024.1,10
EWR,2013,1,16,3,37.04,28.94,72.24,20,8.05546,9.2700622588,0,1023.7,9
EWR,2013,1,16,4,35.96,30.02,78.79,20,9.20624,10.5943568672,0.02,1023.3,8
EWR,2013,1,16,5,33.98,30.92,88.42,20,10.35702,11.9186514756,0.05,1023.1,6
EWR,2013,1,16,6,33.08,30.92,91.66,20,12.65858,14.5672406924,0.07,1021.9,6
EWR,2013,1,16,7,33.08,30.92,91.66,20,10.35702,11.9186514756,0.06,1021.6,5
EWR,2013,1,16,8,33.08,32,95.75,360,11.5078,13.242946084,0.13,1020.3,4
EWR,2013,1,16,9,32,32,100,20,8.05546,9.2700622588,0.11,NULL,3
EWR,2013,1,16,10,32,32,100,20,5.7539,6.621473042,0.09,1018.7,4
EWR,2013,1,16,11,33.8,32,93.03,10,5.7539,6.621473042,0.03,NULL,4
EWR,2013,1,16,12,33.8,32,93.03,10,6.90468,7.9457676504,0.02,NULL,2
EWR,2013,1,16,13,33.8,32,93.03,10,8.05546,9.2700622588,0.02,NULL,2
EWR,2013,1,16,14,33.98,33.08,96.46,340,6.90468,7.9457676504,0,1015.2,3
EWR,2013,1,16,15,33.98,32,92.36,350,5.7539,6.621473042,0.01,1015.5,3
EWR,2013,1,16,16,33.98,33.08,96.46,330,5.7539,6.621473042,0.02,1014.3,3
EWR,2013,1,16,17,33.98,33.08,96.46,30,5.7539,6.621473042,0,1012.2,3
EWR,2013,1,16,18,35.06,33.08,92.4,70,5.7539,6.621473042,0.01,1009,3
EWR,2013,1,16,19,35.6,33.8,93.08,310,11.5078,13.242946084,0,NULL,3
EWR,2013,1,16,20,35.6,33.8,93.08,0,5.7539,6.621473042,0,NULL,3
EWR,2013,1,16,21,35.06,33.98,95.79,0,5.7539,6.621473042,0,1012.9,6
EWR,2013,1,16,22,35.6,33.8,93.08,230,6.90468,7.9457676504,0,NULL,6
EWR,2013,1,16,23,35.96,33.98,92.43,210,10.35702,11.9186514756,0,1012.6,7
EWR,2013,1,17,0,35.6,33.8,93.08,230,10.35702,11.9186514756,0,NULL,7
EWR,2013,1,17,1,37.4,33.8,86.69,240,11.5078,13.242946084,0,NULL,9
EWR,2013,1,17,2,37.4,33.8,86.69,250,10.35702,11.9186514756,0,NULL,9
EWR,2013,1,17,3,35.96,33.98,92.43,230,9.20624,10.5943568672,0,1013.1,10
EWR,2013,1,17,4,37.04,33.98,88.57,250,6.90468,7.9457676504,0,1013.2,10
EWR,2013,1,17,5,37.94,33.08,82.46,250,9.20624,10.5943568672,0,1013.6,10
EWR,2013,1,17,6,39.02,32,75.69,250,10.35702,11.9186514756,0,1013.7,10
EWR,2013,1,17,7,37.94,33.08,82.46,220,10.35702,11.9186514756,0,1014.2,10
EWR,2013,1,17,8,37.94,33.08,82.46,230,9.20624,10.5943568672,0,1013.9,10
EWR,2013,1,17,9,39.02,30.92,72.46,260,6.90468,7.9457676504,0,1013.5,10
EWR,2013,1,17,10,39.02,30.02,69.86,270,9.20624,10.5943568672,0,1014.5,10
EWR,2013,1,17,11,37.94,30.02,72.87,270,8.05546,9.2700622588,0,1015.8,10
EWR,2013,1,17,12,39.02,28.04,64.43,310,9.20624,10.5943568672,0,1016.7,10
EWR,2013,1,17,13,39.02,28.04,64.43,280,8.05546,9.2700622588,0,1017.9,10
EWR,2013,1,17,14,42.08,28.94,59.36,270,6.90468,7.9457676504,0,1018.1,10
EWR,2013,1,17,15,42.08,28.04,57.22,310,12.65858,14.5672406924,0,1018.2,10
EWR,2013,1,17,16,42.98,26.96,52.87,300,11.5078,13.242946084,0,1017.7,10
EWR,2013,1,17,17,46.04,26.96,47.05,330,12.65858,14.5672406924,0,1017.5,10
EWR,2013,1,17,18,44.06,26.06,48.87,300,11.5078,13.242946084,0,1017.5,10
EWR,2013,1,17,19,42.98,24.98,48.7,300,12.65858,14.5672406924,0,1017.4,10
EWR,2013,1,17,20,42.98,24.98,48.7,320,8.05546,9.2700622588,0,1017.7,10
EWR,2013,1,17,21,42.08,24.08,48.56,350,9.20624,10.5943568672,0,1018.3,10
EWR,2013,1,17,22,41,24.98,52.56,360,6.90468,7.9457676504,0,1018.4,10
EWR,2013,1,17,23,41,24.08,50.63,0,3.45234,3.9728838252,0,1019,10
EWR,2013,1,18,0,41,24.98,52.56,310,5.7539,6.621473042,0,1018.8,10
EWR,2013,1,18,1,39.02,23,52.26,350,11.5078,13.242946084,0,1018,10
EWR,2013,1,18,2,37.94,24.98,59.22,360,13.80936,15.8915353008,0,1017.7,10
EWR,2013,1,18,3,37.04,23,56.48,360,9.20624,10.5943568672,0,1016.6,10
EWR,2013,1,18,4,35.96,26.06,66.97,30,9.20624,10.5943568672,0,1016.9,10
EWR,2013,1,18,5,35.06,23,61.08,40,10.35702,11.9186514756,0,1016.9,10
EWR,2013,1,18,6,33.08,21.92,63.17,20,12.65858,14.5672406924,0,1018.3,10
EWR,2013,1,18,7,30.92,19.04,60.97,10,12.65858,14.5672406924,0,1019.2,10
EWR,2013,1,18,8,30.02,17.06,58.08,20,9.20624,10.5943568672,0,1019.2,10
EWR,2013,1,18,9,30.02,17.06,58.08,360,5.7539,6.621473042,0,1020.5,10
EWR,2013,1,18,10,30.02,15.98,55.42,340,12.65858,14.5672406924,0,1022.5,10
EWR,2013,1,18,11,28.94,15.08,55.69,350,12.65858,14.5672406924,0,1024.3,10
EWR,2013,1,18,12,28.04,12.92,52.57,330,21.86482,25.1615975596,0,1026.3,10
EWR,2013,1,18,13,28.04,8.06,42.32,340,16.11092,18.5401245176,0,1028,10
EWR,2013,1,18,14,28.94,6.98,38.85,310,16.11092,18.5401245176,0,1030.1,10
EWR,2013,1,18,15,30.02,5,33.97,330,14.96014,17.2158299092,0,1030.6,10
EWR,2013,1,18,16,30.92,6.98,35.84,300,12.65858,14.5672406924,0,1030.6,10
EWR,2013,1,18,17,30.92,5,32.75,300,10.35702,11.9186514756,0,1030.3,10
EWR,2013,1,18,18,30.92,1.94,28.44,340,16.11092,18.5401245176,0,1030.7,10
EWR,2013,1,18,19,30.92,3.02,29.9,330,9.20624,10.5943568672,0,1030.6,10
EWR,2013,1,18,20,30.92,1.94,28.44,310,10.35702,11.9186514756,0,1030.8,10
EWR,2013,1,18,21,28.94,1.94,30.82,270,10.35702,11.9186514756,0,1031.5,10
EWR,2013,1,18,22,28.94,3.02,32.41,250,8.05546,9.2700622588,0,1032.2,10
EWR,2013,1,18,23,26.96,5,38.5,220,5.7539,6.621473042,0,1032.3,10
EWR,2013,1,19,0,28.04,8.06,42.32,200,8.05546,9.2700622588,0,1032.3,10
EWR,2013,1,19,1,28.94,8.96,42.48,180,8.05546,9.2700622588,0,1031.5,10
EWR,2013,1,19,2,28.04,10.94,48.15,210,6.90468,7.9457676504,0,1031.7,10
EWR,2013,1,19,3,28.94,10.94,46.41,190,8.05546,9.2700622588,0,1030.8,10
EWR,2013,1,19,4,28.94,12.02,48.69,180,9.20624,10.5943568672,0,1029.4,10
EWR,2013,1,19,5,28.04,12.92,52.57,190,10.35702,11.9186514756,0,1029.4,10
EWR,2013,1,19,6,28.04,12.02,50.52,210,11.5078,13.242946084,0,1029.2,10
EWR,2013,1,19,7,28.94,14,53.13,200,13.80936,15.8915353008,0,1028.5,10
EWR,2013,1,19,8,30.02,15.98,55.42,200,13.80936,15.8915353008,0,1027.4,10
EWR,2013,1,19,9,28.94,17.06,60.69,210,9.20624,10.5943568672,0,1027.1,10
EWR,2013,1,19,10,30.02,19.04,63.24,220,10.35702,11.9186514756,0,1026.5,10
EWR,2013,1,19,11,30.92,21.02,66.34,210,10.35702,11.9186514756,0,1026.3,10
EWR,2013,1,19,12,32,21.92,65.97,230,13.80936,15.8915353008,0,1026,10
EWR,2013,1,19,13,35.06,24.08,63.91,210,18.41248,21.1887137344,0,1025.8,10
EWR,2013,1,19,14,37.94,24.98,59.22,220,17.2617,19.864419126,0,1025.4,10
EWR,2013,1,19,15,42.98,24.98,48.7,220,23.0156,26.485892168,0,1024.1,10
EWR,2013,1,19,16,46.04,24.98,43.34,230,20.71404,23.8373029512,0,1022,10
EWR,2013,1,19,17,48.02,24.98,40.22,220,23.0156,26.485892168,0,1020.4,10
EWR,2013,1,19,18,50,24.08,35.98,220,18.41248,21.1887137344,0,1019.4,10
EWR,2013,1,19,19,51.08,23,33.04,220,19.56326,22.5130083428,0,1018.7,10
EWR,2013,1,19,20,51.98,23,31.96,220,19.56326,22.5130083428,0,1018.1,10
EWR,2013,1,19,21,50,26.06,39.07,200,12.65858,14.5672406924,0,1017.6,10
EWR,2013,1,19,22,48.02,26.96,43.67,200,13.80936,15.8915353008,0,1017.5,10
EWR,2013,1,19,23,46.94,26.96,45.48,200,14.96014,17.2158299092,0,1017.2,10
EWR,2013,1,20,0,46.94,26.96,45.48,210,12.65858,14.5672406924,0,1016.9,10
EWR,2013,1,20,1,44.96,26.96,49.02,210,18.41248,21.1887137344,0,1016.1,10
EWR,2013,1,20,2,44.96,26.96,49.02,210,18.41248,21.1887137344,0,1015.3,10
EWR,2013,1,20,3,44.06,28.04,53.03,220,17.2617,19.864419126,0,1014.4,10
EWR,2013,1,20,4,42.98,28.04,55.27,220,16.11092,18.5401245176,0,1013.4,10
EWR,2013,1,20,5,41,28.04,59.65,200,11.5078,13.242946084,0,1012.1,10
EWR,2013,1,20,6,39.92,28.94,64.54,190,9.20624,10.5943568672,0,1011.3,10
EWR,2013,1,20,7,39.02,28.94,66.85,220,10.35702,11.9186514756,0,1010.9,10
EWR,2013,1,20,8,37.04,28.94,72.24,200,6.90468,7.9457676504,0,1010.1,10
EWR,2013,1,20,9,39.02,28.94,66.85,180,4.60312,5.2971784336,0,1008.9,10
EWR,2013,1,20,10,39.02,28.94,66.85,200,9.20624,10.5943568672,0,1008.1,10
EWR,2013,1,20,11,39.02,28.94,66.85,200,8.05546,9.2700622588,0,1007.5,10
EWR,2013,1,20,12,39.92,28.94,64.54,220,9.20624,10.5943568672,0,1007.3,10
EWR,2013,1,20,13,44.96,28.04,51.24,230,11.5078,13.242946084,0,1007.6,10
EWR,2013,1,20,14,48.92,28.04,44.14,230,16.11092,18.5401245176,0,1007.5,10
EWR,2013,1,20,15,53.96,28.04,36.63,240,19.56326,22.5130083428,0,1006.9,10
EWR,2013,1,20,16,53.96,26.96,35.04,250,19.56326,22.5130083428,0,1006,10
EWR,2013,1,20,17,55.94,24.08,28.93,260,20.71404,23.8373029512,0,1005.5,10
EWR,2013,1,20,18,53.96,19.04,25.12,260,25.31716,29.1344813848,0,1006,10
EWR,2013,1,20,19,53.06,14,20.87,250,26.46794,30.4587759932,0,1006.9,10
EWR,2013,1,20,20,51.98,14,21.72,290,23.0156,26.485892168,0,1008.3,10
EWR,2013,1,20,21,48.02,10.94,21.98,290,21.86482,25.1615975596,0,1009.8,10
EWR,2013,1,20,22,44.06,10.04,24.53,280,19.56326,22.5130083428,0,1011.5,10
EWR,2013,1,20,23,42.08,12.92,30.08,290,21.86482,25.1615975596,0,1012.7,10
EWR,2013,1,21,0,39.02,12.02,32.55,300,14.96014,17.2158299092,0,1014,10
EWR,2013,1,21,1,37.04,14,38.38,310,17.2617,19.864419126,0,1015.3,10
EWR,2013,1,21,2,33.98,12.02,39.72,310,12.65858,14.5672406924,0,1015.9,10
EWR,2013,1,21,3,32,10.94,40.99,310,16.11092,18.5401245176,0,1016.9,10
EWR,2013,1,21,4,30.02,10.04,42.66,320,12.65858,14.5672406924,0,1017.6,10
EWR,2013,1,21,5,28.94,8.06,40.79,310,11.5078,13.242946084,0,1017.8,10
EWR,2013,1,21,6,28.04,8.06,42.32,320,8.05546,9.2700622588,0,1018.6,10
EWR,2013,1,21,7,28.04,6.98,40.31,290,8.05546,9.2700622588,0,1018.7,10
EWR,2013,1,21,8,26.96,6.08,40.45,250,5.7539,6.621473042,0,1018.8,10
EWR,2013,1,21,9,26.06,6.98,43.74,240,5.7539,6.621473042,0,1018.8,10
EWR,2013,1,21,10,26.96,8.96,46.08,250,6.90468,7.9457676504,0,1018.8,10
EWR,2013,1,21,11,26.06,8.96,47.82,260,6.90468,7.9457676504,0,1019,10
EWR,2013,1,21,12,26.06,8.96,47.82,270,3.45234,3.9728838252,0,1019,10
EWR,2013,1,21,13,26.96,8.06,44.25,260,5.7539,6.621473042,0,1019.1,10
EWR,2013,1,21,14,28.04,8.96,44.07,230,3.45234,3.9728838252,0,1019.2,10
EWR,2013,1,21,15,28.94,8.96,42.48,0,0,0,0,1018.3,10
EWR,2013,1,21,16,30.02,8.96,40.65,180,6.90468,7.9457676504,0,1016.8,10
EWR,2013,1,21,17,30.92,10.04,41.13,170,8.05546,9.2700622588,0,1015.2,10
EWR,2013,1,21,18,32,10.04,39.38,240,9.20624,10.5943568672,0,1014.7,10
EWR,2013,1,21,19,32,10.94,40.99,190,8.05546,9.2700622588,0,1014,10
EWR,2013,1,21,20,30.92,12.02,44.92,200,6.90468,7.9457676504,0,1012.8,10
EWR,2013,1,21,21,32,12.02,43,0,0,0,0,1012.2,10
EWR,2013,1,21,22,32,12.92,44.74,160,3.45234,3.9728838252,0,1012.3,10
EWR,2013,1,21,23,32,12.92,44.74,0,0,0,0,1011.6,10
EWR,2013,1,22,0,32,14,46.92,300,8.05546,9.2700622588,0,1011.9,10
EWR,2013,1,22,1,30.02,17.06,58.08,330,9.20624,10.5943568672,0,1011.8,10
EWR,2013,1,22,2,30.02,15.98,55.42,260,9.20624,10.5943568672,0,1011.4,10
EWR,2013,1,22,3,28.04,17.06,62.97,300,16.11092,18.5401245176,0,1010.7,10
EWR,2013,1,22,4,26.96,12.92,54.95,290,12.65858,14.5672406924,0,1010.7,10
EWR,2013,1,22,5,26.06,6.08,41.98,290,10.35702,11.9186514756,0,1010.7,10
EWR,2013,1,22,6,24.98,6.98,45.74,270,13.80936,15.8915353008,0,1011.4,10
EWR,2013,1,22,7,24.08,6.98,47.49,280,18.41248,21.1887137344,0,1011.8,10
EWR,2013,1,22,8,23,6.98,49.69,280,16.11092,18.5401245176,0,1012.3,10
EWR,2013,1,22,9,21.02,6.98,54.03,290,16.11092,18.5401245176,0,1013.4,10
EWR,2013,1,22,10,19.94,6.08,54.3,290,14.96014,17.2158299092,0,1014.5,10
EWR,2013,1,22,11,19.94,5,51.68,280,13.80936,15.8915353008,0,1015.4,10
EWR,2013,1,22,12,19.4,6.8,57.41,280,16.11092,18.5401245176,0,NULL,9
EWR,2013,1,22,13,21.02,3.02,45.07,280,24.16638,27.8101867764,0,1017.3,10
EWR,2013,1,22,14,21.02,-2.02,35.6,300,24.16638,27.8101867764,0,1017.6,10
EWR,2013,1,22,15,21.92,-2.92,32.83,270,18.41248,21.1887137344,0,1017.8,10
EWR,2013,1,22,16,23,-5.98,27.09,300,21.86482,25.1615975596,0,1017.3,10
EWR,2013,1,22,17,23,-7.06,25.71,270,25.31716,29.1344813848,0,1016.8,10
EWR,2013,1,22,18,23,-5.98,27.09,290,19.56326,22.5130083428,0,1016.9,10
EWR,2013,1,22,19,23,-5.98,27.09,280,19.56326,22.5130083428,0,1017.3,10
EWR,2013,1,22,20,21.02,-7.06,27.95,290,21.86482,25.1615975596,0,1018.1,10
EWR,2013,1,22,21,19.04,-5.98,32.05,290,14.96014,17.2158299092,0,1019.1,10
EWR,2013,1,22,22,19.04,-5.08,33.47,280,13.80936,15.8915353008,0,1020.3,10
EWR,2013,1,22,23,17.96,-5.08,35.05,280,19.56326,22.5130083428,0,1021,10
EWR,2013,1,23,0,17.06,-5.98,34.89,290,20.71404,23.8373029512,0,1021.7,10
EWR,2013,1,23,1,15.98,-5.98,36.56,290,21.86482,25.1615975596,0,1022.2,10
EWR,2013,1,23,2,15.98,-0.94,46.51,300,14.96014,17.2158299092,0,1022.7,10
EWR,2013,1,23,3,15.08,-7.06,36.09,300,16.11092,18.5401245176,0,1023.3,10
EWR,2013,1,23,4,14,-7.96,36.21,280,14.96014,17.2158299092,0,1023.1,10
EWR,2013,1,23,5,12.92,-7.06,39.67,280,12.65858,14.5672406924,0,1022.9,10
EWR,2013,1,23,6,12.92,-7.96,37.97,270,11.5078,13.242946084,0,1023.3,10
EWR,2013,1,23,7,12.02,-7.06,41.28,270,10.35702,11.9186514756,0,1023.7,10
EWR,2013,1,23,8,12.02,-5.98,43.5,270,8.05546,9.2700622588,0,1023.5,10
EWR,2013,1,23,9,12.02,-5.08,45.43,270,9.20624,10.5943568672,0,1023.6,10
EWR,2013,1,23,10,10.94,-4,50.19,270,10.35702,11.9186514756,0,1023.8,10
EWR,2013,1,23,11,10.94,-4,50.19,270,11.5078,13.242946084,0,1024,10
EWR,2013,1,23,12,12.02,-2.92,50.37,270,11.5078,13.242946084,0,1024.2,10
EWR,2013,1,23,13,14,-2.02,48.18,270,12.65858,14.5672406924,0,1024.5,10
EWR,2013,1,23,14,15.98,-2.02,44.19,270,11.5078,13.242946084,0,1024.9,10
EWR,2013,1,23,15,17.96,-5.08,35.05,310,14.96014,17.2158299092,0,1024.4,10
EWR,2013,1,23,16,19.94,-5.98,30.84,320,12.65858,14.5672406924,0,1023.4,10
EWR,2013,1,23,17,19.94,-5.98,30.84,300,13.80936,15.8915353008,0,1022.3,10
EWR,2013,1,23,18,19.94,-4,33.92,290,11.5078,13.242946084,0,1021.8,10
EWR,2013,1,23,19,19.04,-5.98,32.05,270,17.2617,19.864419126,0,1021.8,10
EWR,2013,1,23,20,19.04,-5.98,32.05,300,14.96014,17.2158299092,0,1021.9,10
EWR,2013,1,23,21,17.96,-5.98,33.57,310,11.5078,13.242946084,0,1022.1,10
EWR,2013,1,23,22,17.06,-5.98,34.89,280,12.65858,14.5672406924,0,1022.7,10
EWR,2013,1,23,23,17.06,-4,38.38,300,8.05546,9.2700622588,0,1023.1,10
EWR,2013,1,24,0,15.98,-2.02,44.19,310,5.7539,6.621473042,0,1023,10
EWR,2013,1,24,1,15.98,-0.04,48.52,300,8.05546,9.2700622588,0,1022.7,10
EWR,2013,1,24,2,15.08,-0.04,50.46,270,5.7539,6.621473042,0,1022.9,10
EWR,2013,1,24,3,15.08,-0.04,50.46,280,4.60312,5.2971784336,0,1022.9,10
EWR,2013,1,24,4,15.08,1.04,53.07,280,4.60312,5.2971784336,0,1022.5,10
EWR,2013,1,24,5,14,-0.04,52.9,270,4.60312,5.2971784336,0,1021.6,10
EWR,2013,1,24,6,14,1.04,55.64,310,3.45234,3.9728838252,0,1021,10
EWR,2013,1,24,7,12.92,1.94,60.84,310,4.60312,5.2971784336,0,1020.7,10
EWR,2013,1,24,8,12.02,1.94,63.31,30,4.60312,5.2971784336,0,1020.7,10
EWR,2013,1,24,9,12.92,5,70.07,20,5.7539,6.621473042,0,1020.8,10
EWR,2013,1,24,10,14,3.02,61,350,5.7539,6.621473042,0,1021.5,10
EWR,2013,1,24,11,12.92,3.02,63.97,10,9.20624,10.5943568672,0,1022.2,10
EWR,2013,1,24,12,14,3.02,61,350,9.20624,10.5943568672,0,1022.7,10
EWR,2013,1,24,13,17.06,1.94,50.79,350,11.5078,13.242946084,0,1023.3,10
EWR,2013,1,24,14,19.04,-0.04,42.52,350,13.80936,15.8915353008,0,1023.8,10
EWR,2013,1,24,15,21.92,-5.08,29.61,310,18.41248,21.1887137344,0,1024.2,10
EWR,2013,1,24,16,23,-9.04,23.34,320,23.0156,26.485892168,0,1024,10
EWR,2013,1,24,17,24.08,-7.96,23.52,310,24.16638,27.8101867764,0,1023.8,10
EWR,2013,1,24,18,24.08,-7.06,24.57,330,28.7695,33.10736521,0,1024,10
EWR,2013,1,24,19,24.08,-5.98,25.89,320,25.31716,29.1344813848,0,1024.9,10
EWR,2013,1,24,20,24.08,-5.08,27.04,310,16.11092,18.5401245176,0,1025.8,10
EWR,2013,1,24,21,21.92,-4,31.18,320,21.86482,25.1615975596,0,1026.6,10
EWR,2013,1,24,22,21.02,-2.92,34.11,300,17.2617,19.864419126,0,1027.6,10
EWR,2013,1,24,23,19.94,-4,33.92,290,18.41248,21.1887137344,0,1028.5,10
EWR,2013,1,25,0,19.04,-2.92,37.11,300,20.71404,23.8373029512,0,1029,10
EWR,2013,1,25,1,17.96,-2.02,40.57,290,20.71404,23.8373029512,0,1028.6,10
EWR,2013,1,25,2,17.96,-0.94,42.69,300,12.65858,14.5672406924,0,1029,10
EWR,2013,1,25,3,17.06,-2.02,42.17,290,17.2617,19.864419126,0,1029.5,10
EWR,2013,1,25,4,15.98,-2.92,42.34,290,13.80936,15.8915353008,0,1029.7,10
EWR,2013,1,25,5,15.08,-2.92,44.04,290,16.11092,18.5401245176,0,1029.7,10
EWR,2013,1,25,6,14,-2.92,46.17,300,12.65858,14.5672406924,0,1030.3,10
EWR,2013,1,25,7,14,-2.02,48.18,290,16.11092,18.5401245176,0,1030.3,10
EWR,2013,1,25,8,12.92,-0.94,53.17,290,12.65858,14.5672406924,0,1030.4,10
EWR,2013,1,25,9,12.92,-0.94,53.17,260,5.7539,6.621473042,0,1030.3,10
EWR,2013,1,25,10,12.92,-0.04,55.47,280,13.80936,15.8915353008,0,1030,10
EWR,2013,1,25,11,12.92,1.04,58.34,280,6.90468,7.9457676504,0,1030,10
EWR,2013,1,25,12,14,1.94,58.02,0,4.60312,5.2971784336,0,1029.5,10
EWR,2013,1,25,13,15.98,3.02,55.95,300,6.90468,7.9457676504,0,1029.9,10
EWR,2013,1,25,14,17.96,3.02,51.36,280,6.90468,7.9457676504,0,1030.3,10
EWR,2013,1,25,15,19.94,1.94,44.88,280,5.7539,6.621473042,0,1029.3,10
EWR,2013,1,25,16,21.02,1.94,42.87,10,4.60312,5.2971784336,0,1027,10
EWR,2013,1,25,17,21.92,1.94,41.26,260,4.60312,5.2971784336,0,1026.1,10
EWR,2013,1,25,18,23,1.04,37.81,240,4.60312,5.2971784336,0,1024.5,10
EWR,2013,1,25,19,24.08,3.02,39.62,220,6.90468,7.9457676504,0,1023.7,10
EWR,2013,1,25,20,24.08,3.02,39.62,220,8.05546,9.2700622588,0,1023.2,10
EWR,2013,1,25,21,23,6.8,49.29,210,8.05546,9.2700622588,0,NULL,2
EWR,2013,1,25,22,21.2,12.2,67.73,240,11.5078,13.242946084,0,NULL,2
EWR,2013,1,25,23,19.4,15.8,85.63,190,5.7539,6.621473042,0.01,NULL,2
EWR,2013,1,26,0,19.4,15.8,85.63,240,8.05546,9.2700622588,0.01,NULL,1
EWR,2013,1,26,1,19.4,15.8,85.63,250,8.05546,9.2700622588,0,NULL,3
EWR,2013,1,26,2,17.6,14,85.51,240,6.90468,7.9457676504,0,NULL,8
EWR,2013,1,26,3,17.96,12.92,80.29,280,6.90468,7.9457676504,0,1018.6,9
EWR,2013,1,26,4,17.06,12.92,83.47,250,4.60312,5.2971784336,0,1018.4,10
EWR,2013,1,26,5,15.98,12.92,87.47,280,6.90468,7.9457676504,0,1018.4,10
EWR,2013,1,26,6,15.08,12.02,87.42,290,8.05546,9.2700622588,0,1018.5,10
EWR,2013,1,26,7,14,10.94,87.36,280,3.45234,3.9728838252,0,1018,10
EWR,2013,1,26,8,14,10.04,83.92,290,5.7539,6.621473042,0,1017.8,10
EWR,2013,1,26,9,15.98,8.96,73.34,300,9.20624,10.5943568672,0,1018.1,10
EWR,2013,1,26,10,15.08,8.96,76.27,300,9.20624,10.5943568672,0,1018.9,10
EWR,2013,1,26,11,15.98,8.06,70.43,300,4.60312,5.2971784336,0,1019.5,10
EWR,2013,1,26,12,17.06,8.06,67.21,300,6.90468,7.9457676504,0,1020.6,10
EWR,2013,1,26,13,19.04,8.06,61.72,310,10.35702,11.9186514756,0,1021,10
EWR,2013,1,26,14,19.94,8.96,61.85,310,10.35702,11.9186514756,0,1021.5,10
EWR,2013,1,26,15,23,10.04,57.03,290,11.5078,13.242946084,0,1021.7,10
EWR,2013,1,26,16,23,10.04,57.03,290,11.5078,13.242946084,0,1021.7,10
EWR,2013,1,26,17,24.08,8.96,51.93,320,9.20624,10.5943568672,0,1020.6,10
EWR,2013,1,26,18,26.96,10.04,48.36,290,13.80936,15.8915353008,0,1020.8,10
EWR,2013,1,26,19,28.04,10.04,46.26,300,11.5078,13.242946084,0,1021,10
EWR,2013,1,26,20,28.04,6.98,40.31,300,16.11092,18.5401245176,0,1021.5,10
EWR,2013,1,26,21,26.96,6.08,40.45,300,14.96014,17.2158299092,0,1022.2,10
EWR,2013,1,26,22,24.98,5,41.8,320,19.56326,22.5130083428,0,1023.7,10
EWR,2013,1,26,23,24.08,5,43.4,320,14.96014,17.2158299092,0,1025,10
EWR,2013,1,27,0,23,6.08,47.7,310,13.80936,15.8915353008,0,1025.5,10
EWR,2013,1,27,1,23,6.08,47.7,320,17.2617,19.864419126,0,1026.5,10
EWR,2013,1,27,2,21.92,6.98,52.01,320,13.80936,15.8915353008,0,1027.5,10
EWR,2013,1,27,3,21.02,6.98,54.03,320,12.65858,14.5672406924,0,1028.5,10
EWR,2013,1,27,4,19.94,6.98,56.56,300,10.35702,11.9186514756,0,1028.8,10
EWR,2013,1,27,5,19.04,8.06,61.72,290,8.05546,9.2700622588,0,1029.1,10
EWR,2013,1,27,6,19.04,8.06,61.72,290,9.20624,10.5943568672,0,1030,10
EWR,2013,1,27,7,19.04,8.96,64.28,290,8.05546,9.2700622588,0.33,1030.3,10
EWR,2013,1,27,8,19.04,8.96,64.28,280,6.90468,7.9457676504,0.03,1030.3,10
EWR,2013,1,27,9,19.04,8.96,64.28,260,8.05546,9.2700622588,0.05,1030.4,10
EWR,2013,1,27,10,19.04,8.06,61.72,270,6.90468,7.9457676504,0.26,1031.1,10
EWR,2013,1,27,11,17.06,8.06,67.21,240,4.60312,5.2971784336,0.17,1031.6,10
EWR,2013,1,27,12,19.04,8.96,64.28,260,8.05546,9.2700622588,0.32,1032.4,10
EWR,2013,1,27,13,21.92,10.04,59.69,270,8.05546,9.2700622588,0,1032.6,10
EWR,2013,1,27,14,26.96,12.92,54.95,310,11.5078,13.242946084,0,1033.2,10
EWR,2013,1,27,15,30.02,10.04,42.66,310,12.65858,14.5672406924,0,1033.7,10
EWR,2013,1,27,16,32,8.96,37.52,340,14.96014,17.2158299092,0,1032.6,10
EWR,2013,1,27,17,33.98,10.94,37.86,300,14.96014,17.2158299092,0,1032.1,10
EWR,2013,1,27,18,35.06,8.96,33.19,300,12.65858,14.5672406924,0,1031.5,10
EWR,2013,1,27,19,35.96,8.06,30.76,320,11.5078,13.242946084,0,1031.4,10
EWR,2013,1,27,20,35.96,8.06,30.76,280,8.05546,9.2700622588,0,1031.6,10
EWR,2013,1,27,21,33.98,8.06,33.28,310,10.35702,11.9186514756,0,1032.3,10
EWR,2013,1,27,22,33.08,8.06,34.5,320,6.90468,7.9457676504,0,1032.5,10
EWR,2013,1,27,23,32,8.06,36.03,0,3.45234,3.9728838252,0,1033,10
EWR,2013,1,28,0,32,8.06,36.03,0,0,0,0,1032.7,10
EWR,2013,1,28,1,30.92,8.96,39.19,0,4.60312,5.2971784336,0,1032.9,10
EWR,2013,1,28,2,30.02,8.96,40.65,0,0,0,0,1032.7,10
EWR,2013,1,28,3,30.02,10.04,42.66,0,3.45234,3.9728838252,0,1032.4,10
EWR,2013,1,28,4,28.04,10.04,46.26,0,0,0,0,1032.4,10
EWR,2013,1,28,5,26.96,12.02,52.81,0,0,0,0,1032.7,10
EWR,2013,1,28,6,26.06,12.92,57.04,0,0,0,0,1032.2,10
EWR,2013,1,28,7,26.06,12.92,57.04,0,0,0,0,1031.4,10
EWR,2013,1,28,8,26.96,15.98,62.83,0,0,0,0,1030.9,10
EWR,2013,1,28,9,28.04,15.08,57.79,240,3.45234,3.9728838252,0,1030.5,10
EWR,2013,1,28,10,28.04,15.98,60.1,0,0,0,0,1029.8,10
EWR,2013,1,28,11,30.02,17.06,58.08,0,0,0,0,1029.7,10
EWR,2013,1,28,12,30.02,19.04,63.24,160,4.60312,5.2971784336,0,1029.6,7
EWR,2013,1,28,13,30.92,19.94,63.36,190,4.60312,5.2971784336,0,1029.5,6
EWR,2013,1,28,14,30.2,21.2,68.83,230,6.90468,7.9457676504,0,NULL,2
EWR,2013,1,28,15,30.2,26.6,86.28,170,5.7539,6.621473042,0,NULL,2
EWR,2013,1,28,16,32,28.4,86.39,180,6.90468,7.9457676504,0,NULL,2
EWR,2013,1,28,17,33.8,30.2,86.49,170,9.20624,10.5943568672,0,NULL,2
EWR,2013,1,28,18,33.8,30.2,86.49,170,8.05546,9.2700622588,0,NULL,2
EWR,2013,1,28,19,33.8,30.2,86.49,160,5.7539,6.621473042,0,NULL,2
EWR,2013,1,28,20,33.98,32,92.36,0,4.60312,5.2971784336,0,1019.6,2
EWR,2013,1,28,21,33.98,32,92.36,220,11.5078,13.242946084,0,1018.7,2
EWR,2013,1,28,22,33.8,32,93.03,220,8.05546,9.2700622588,0,NULL,5
EWR,2013,1,28,23,33.98,33.08,96.46,230,8.05546,9.2700622588,0,1018.3,5
EWR,2013,1,29,0,33.98,33.08,96.46,230,6.90468,7.9457676504,0,1017.8,5
EWR,2013,1,29,1,33.98,33.08,96.46,240,9.20624,10.5943568672,0,1017.2,5
EWR,2013,1,29,2,35.06,33.08,92.4,240,9.20624,10.5943568672,0,1016.5,5
EWR,2013,1,29,3,35.6,33.8,93.08,230,10.35702,11.9186514756,0,NULL,5
EWR,2013,1,29,4,35.6,33.8,93.08,230,8.05546,9.2700622588,0,NULL,5
EWR,2013,1,29,5,35.06,33.98,95.79,210,5.7539,6.621473042,0,1016.2,5
EWR,2013,1,29,6,35.96,33.98,92.43,240,6.90468,7.9457676504,0,1016.3,5
EWR,2013,1,29,7,37.04,35.06,92.46,240,3.45234,3.9728838252,0,1016.2,7
EWR,2013,1,29,8,37.04,35.96,95.82,220,6.90468,7.9457676504,0,1016.1,7
EWR,2013,1,29,9,37.94,37.04,96.52,0,0,0,0,1017.1,7
EWR,2013,1,29,10,37.94,35.96,92.49,0,0,0,0,1018.4,7
EWR,2013,1,29,11,37.94,35.96,92.49,0,0,0,0,1018.8,6
EWR,2013,1,29,12,42.08,39.02,88.81,0,0,0,0,1019.4,6
EWR,2013,1,29,13,42.98,39.92,88.85,200,3.45234,3.9728838252,0,1019.6,6
EWR,2013,1,29,14,48.02,42.08,79.79,0,0,0,0,1020.1,7
EWR,2013,1,29,15,51.98,39.92,63.33,10,5.7539,6.621473042,0,1020.1,9
EWR,2013,1,29,16,51.98,39.92,63.33,90,5.7539,6.621473042,0,1019.1,10
EWR,2013,1,29,17,51.08,39.02,63.22,110,8.05546,9.2700622588,0,1019.2,10
EWR,2013,1,29,18,44.96,39.02,79.54,120,11.5078,13.242946084,0,1018.9,6
EWR,2013,1,29,19,44.96,39.02,79.54,0,6.90468,7.9457676504,0,1019.4,6
EWR,2013,1,29,20,46.4,39.2,75.84,120,5.7539,6.621473042,0,NULL,5
EWR,2013,1,29,21,44.6,39.2,81.2,140,5.7539,6.621473042,0,NULL,4
EWR,2013,1,29,22,44.6,39.2,81.2,70,4.60312,5.2971784336,0,NULL,4
EWR,2013,1,29,23,42.98,39.92,88.85,0,4.60312,5.2971784336,0.04,1020.2,4
EWR,2013,1,30,0,42.8,41,93.3,0,0,0,0.02,NULL,4
EWR,2013,1,30,1,42.8,41,93.3,0,0,0,0,NULL,4
EWR,2013,1,30,2,44.6,41,87.09,0,0,0,0,NULL,4
EWR,2013,1,30,3,42.98,41,92.65,0,0,0,0,1019,3
EWR,2013,1,30,4,44.06,42.08,92.69,60,4.60312,5.2971784336,0,1018.8,3
EWR,2013,1,30,5,42.8,41,93.3,30,4.60312,5.2971784336,0,NULL,2
EWR,2013,1,30,6,41,39.92,95.9,30,6.90468,7.9457676504,0,1016.5,2
EWR,2013,1,30,7,41,39.92,95.9,20,4.60312,5.2971784336,0,1015.8,2
EWR,2013,1,30,8,41,39.2,93.24,20,4.60312,5.2971784336,0,NULL,0
EWR,2013,1,30,9,39.2,39.2,100,20,6.90468,7.9457676504,0,NULL,0
EWR,2013,1,30,10,39.92,39.92,100,20,4.60312,5.2971784336,0,1013.4,0
EWR,2013,1,30,11,39.92,39.92,100,350,3.45234,3.9728838252,0,1012.4,0
EWR,2013,1,30,12,41,41,100,0,0,0,0,NULL,0
EWR,2013,1,30,13,44.6,44.6,100,0,0,0,0,NULL,0
EWR,2013,1,30,14,44.6,44.6,100,50,6.90468,7.9457676504,0,NULL,0
EWR,2013,1,30,15,44.6,44.6,100,50,3.45234,3.9728838252,0,NULL,0
EWR,2013,1,30,16,50,46.4,87.37,40,3.45234,3.9728838252,0,NULL,2
EWR,2013,1,30,17,55.04,50,83.08,70,3.45234,3.9728838252,0,1005.7,3
EWR,2013,1,30,18,64.04,57.02,77.92,180,10.35702,11.9186514756,0,1003.9,10
EWR,2013,1,30,19,64.4,57.2,77.45,180,12.65858,14.5672406924,0,NULL,10
EWR,2013,1,30,20,55.94,51.08,83.69,100,8.05546,9.2700622588,0,1002.8,10
EWR,2013,1,30,21,59,53.06,80.64,130,9.20624,10.5943568672,0,1002.1,10
EWR,2013,1,30,22,57.2,51.8,82.12,130,8.05546,9.2700622588,0,NULL,10
EWR,2013,1,30,23,60.8,53.6,77.14,160,6.90468,7.9457676504,0,NULL,10
EWR,2013,1,31,0,51.98,50,92.93,50,3.45234,3.9728838252,0,1001.1,9
EWR,2013,1,31,1,51.98,51.08,96.73,0,0,0,0,999.5,10
EWR,2013,1,31,2,59,55.04,86.69,160,6.90468,7.9457676504,0,997.5,10
EWR,2013,1,31,3,62.06,57.02,83.54,180,14.96014,17.2158299092,0,995.9,10
EWR,2013,1,31,4,62.06,57.02,83.54,180,21.86482,25.1615975596,0.01,994.1,10
EWR,2013,1,31,5,62.6,57.2,82.5,190,20.71404,23.8373029512,0.04,NULL,6
EWR,2013,1,31,6,60.8,59,93.79,190,19.56326,22.5130083428,0.01,NULL,5
EWR,2013,1,31,7,62.06,57.92,86.29,180,31.07106,35.7559544268,0.05,986.4,6
EWR,2013,1,31,8,62.06,59,89.7,180,27.61872,31.7830706016,0.19,983.9,3
EWR,2013,1,31,9,60.8,59,93.79,230,40.2773,46.350311294,0.03,NULL,1
EWR,2013,1,31,10,59,55.4,87.83,220,18.41248,21.1887137344,0.03,NULL,7
EWR,2013,1,31,11,57.2,53.6,87.74,240,20.71404,23.8373029512,0.02,NULL,4
EWR,2013,1,31,12,48.2,35.6,61.52,260,27.61872,31.7830706016,0.01,NULL,10
EWR,2013,1,31,13,46.04,30.02,53.33,270,39.12652,45.0260166856,0,992.3,10
EWR,2013,1,31,14,44.06,24.98,46.73,270,32.22184,37.0802490352,0,994.2,10
EWR,2013,1,31,15,44.96,21.02,38.23,260,33.37262,38.4045436436,0,995.4,10
EWR,2013,1,31,16,46.04,19.04,33.73,280,33.37262,38.4045436436,0,996.3,10
EWR,2013,1,31,17,46.04,19.04,33.73,260,31.07106,35.7559544268,0,996.6,10
EWR,2013,1,31,18,44.96,19.04,35.14,250,23.0156,26.485892168,0,997.9,10
EWR,2013,1,31,19,44.06,17.96,34.72,260,27.61872,31.7830706016,0,999.1,10
EWR,2013,1,31,20,42.08,15.08,33.06,270,26.46794,30.4587759932,0,1000.4,10
EWR,2013,1,31,21,39.02,17.06,40.57,270,31.07106,35.7559544268,0,1002.2,10
EWR,2013,1,31,22,35.96,12.92,38.2,260,28.7695,33.10736521,0,1004.5,10
EWR,2013,1,31,23,35.06,12.92,39.58,250,24.16638,27.8101867764,0,1006,10
EWR,2013,2,1,0,33.08,15.08,47.1,270,20.71404,23.8373029512,0,1006.6,10
EWR,2013,2,1,1,32,19.04,58.37,250,17.2617,19.864419126,0,1007.3,10
EWR,2013,2,1,2,32,10.04,39.38,260,28.7695,33.10736521,0,1008,10
EWR,2013,2,1,3,30.92,6.98,35.84,260,27.61872,31.7830706016,0,1008.5,10
EWR,2013,2,1,4,30.02,8.06,39.03,260,14.96014,17.2158299092,0,1008.9,10
EWR,2013,2,1,5,28.94,10.94,46.41,250,19.56326,22.5130083428,0,1009.6,10
EWR,2013,2,1,6,28.94,10.94,46.41,240,11.5078,13.242946084,0,1009.9,10
EWR,2013,2,1,7,28.04,10.94,48.15,240,9.20624,10.5943568672,0,1009.7,10
EWR,2013,2,1,8,28.04,10.94,48.15,220,13.80936,15.8915353008,0,1009.6,10
EWR,2013,2,1,9,28.04,10.94,48.15,230,17.2617,19.864419126,0,1009.8,10
EWR,2013,2,1,10,28.04,12.02,50.52,220,13.80936,15.8915353008,0,1010.4,10
EWR,2013,2,1,11,28.94,12.02,48.69,260,9.20624,10.5943568672,0,1010.9,10
EWR,2013,2,1,12,28.94,12.02,48.69,280,10.35702,11.9186514756,0,1010.9,10
EWR,2013,2,1,13,30.02,10.94,44.41,270,10.35702,11.9186514756,0,1011.3,10
EWR,2013,2,1,14,30.02,10.04,42.66,290,17.2617,19.864419126,0,1012.1,10
EWR,2013,2,1,15,30.02,6.98,37.17,300,17.2617,19.864419126,0,1012.1,10
EWR,2013,2,1,16,32,5,31.35,330,25.31716,29.1344813848,0,1011.8,10
EWR,2013,2,1,17,30.92,5,32.75,320,18.41248,21.1887137344,0,1012.1,10
EWR,2013,2,1,18,33.98,3.02,26.43,280,20.71404,23.8373029512,0,1012.8,10
EWR,2013,2,1,19,33.08,1.94,26.07,300,14.96014,17.2158299092,0,1013.8,10
EWR,2013,2,1,20,30.92,6.08,34.4,310,19.56326,22.5130083428,0,1015.4,10
EWR,2013,2,1,21,30.2,6.8,36.6,280,26.46794,30.4587759932,0,NULL,9
EWR,2013,2,1,22,26.96,15.98,62.83,280,18.41248,21.1887137344,0,1018.6,10
EWR,2013,2,1,23,26.06,15.08,62.7,260,13.80936,15.8915353008,0,1020,10
EWR,2013,2,2,0,24.98,17.06,71.47,280,14.96014,17.2158299092,0,1021.1,10
EWR,2013,2,2,1,24.98,14,62.55,270,14.96014,17.2158299092,0,1022,10
EWR,2013,2,2,2,24.98,12.02,57.33,270,11.5078,13.242946084,0,1022.7,10
EWR,2013,2,2,3,24.08,10.04,54.51,270,12.65858,14.5672406924,0,1023.3,10
EWR,2013,2,2,4,24.08,8.06,49.87,260,10.35702,11.9186514756,0,1024.2,10
EWR,2013,2,2,5,23,6.98,49.69,250,11.5078,13.242946084,0,1024.4,10
EWR,2013,2,2,6,21.92,6.08,49.92,260,13.80936,15.8915353008,0,1024.8,10
EWR,2013,2,2,7,21.92,6.08,49.92,260,12.65858,14.5672406924,0,1025.3,10
EWR,2013,2,2,8,21.02,6.08,51.86,260,14.96014,17.2158299092,0,1025.5,10
EWR,2013,2,2,9,19.94,5,51.68,260,14.96014,17.2158299092,0,1025.5,10
EWR,2013,2,2,10,19.04,5,53.71,260,11.5078,13.242946084,0,1025.3,10
EWR,2013,2,2,11,19.04,5,53.71,240,8.05546,9.2700622588,0,1026,10
EWR,2013,2,2,12,19.94,6.98,56.56,260,10.35702,11.9186514756,0,1026.5,10
EWR,2013,2,2,13,21.02,6.08,51.86,250,10.35702,11.9186514756,0,1026.2,10
EWR,2013,2,2,14,24.08,6.08,45.59,260,6.90468,7.9457676504,0,1025.7,10
EWR,2013,2,2,15,26.06,6.08,41.98,0,6.90468,7.9457676504,0,1024.8,10
EWR,2013,2,2,16,28.94,3.92,33.78,230,13.80936,15.8915353008,0,1023.5,10
EWR,2013,2,2,17,28.04,3.02,33.62,230,17.2617,19.864419126,0,1022.5,10
EWR,2013,2,2,18,30.02,3.92,32.32,220,16.11092,18.5401245176,0,1021.3,10
EWR,2013,2,2,19,30.02,3.92,32.32,220,13.80936,15.8915353008,0,1020.5,10
EWR,2013,2,2,20,28.94,3.92,33.78,240,12.65858,14.5672406924,0,1020,10
EWR,2013,2,2,21,28.94,6.08,37.29,240,11.5078,13.242946084,0,1019.4,10
EWR,2013,2,2,22,28.04,6.98,40.31,260,10.35702,11.9186514756,0,1019.3,10
EWR,2013,2,2,23,28.04,8.06,42.32,250,6.90468,7.9457676504,0,1019.2,10
EWR,2013,2,3,0,26.96,12.02,52.81,230,10.35702,11.9186514756,0,1019.3,10
EWR,2013,2,3,1,24.98,19.04,77.82,290,9.20624,10.5943568672,0,1019.4,5
EWR,2013,2,3,2,24.98,19.94,80.87,280,6.90468,7.9457676504,0,1019.3,3
EWR,2013,2,3,3,24.08,21.02,87.91,0,0,0,0,1018.8,2
EWR,2013,2,3,4,24.8,21.2,85.96,0,0,0,0.01,NULL,3
EWR,2013,2,3,5,24.8,21.2,85.96,0,0,0,0,NULL,5
EWR,2013,2,3,6,24.98,21.92,87.96,0,0,0,0.01,1016.5,4
EWR,2013,2,3,7,24.98,23,92.05,20,3.45234,3.9728838252,0,1015.7,4
EWR,2013,2,3,8,24.08,21.92,91.32,20,4.60312,5.2971784336,0,1014.8,6
EWR,2013,2,3,9,24.08,21.02,87.91,10,8.05546,9.2700622588,0,1014.1,6
EWR,2013,2,3,10,24.98,21.02,84.67,20,6.90468,7.9457676504,0,1014.1,9
EWR,2013,2,3,11,24.8,19.4,79.62,360,5.7539,6.621473042,0,NULL,10
EWR,2013,2,3,12,23,19.4,85.85,30,5.7539,6.621473042,0,NULL,10
EWR,2013,2,3,13,24.8,19.4,79.62,10,6.90468,7.9457676504,0,NULL,10
EWR,2013,2,3,14,26.6,21.2,79.77,350,9.20624,10.5943568672,0,NULL,10
EWR,2013,2,3,15,26.96,21.02,78,20,6.90468,7.9457676504,0,1013.3,10
EWR,2013,2,3,16,28.04,21.02,74.61,350,8.05546,9.2700622588,0,1012,10
EWR,2013,2,3,17,28.94,19.94,68.68,0,3.45234,3.9728838252,0,1010.8,10
EWR,2013,2,3,18,30.2,21.2,68.83,0,0,0,0,NULL,10
EWR,2013,2,3,19,32,19.04,58.37,310,8.05546,9.2700622588,0,1009.3,10
EWR,2013,2,3,20,32,17.96,55.72,300,10.35702,11.9186514756,0,1009.2,10
EWR,2013,2,3,21,30.92,15.98,53.44,290,9.20624,10.5943568672,0,1009,10
EWR,2013,2,3,22,30.02,15.98,55.42,280,11.5078,13.242946084,0,1009.3,10
EWR,2013,2,3,23,28.94,17.06,60.69,260,6.90468,7.9457676504,0,1009.7,10
EWR,2013,2,4,0,28.04,17.06,62.97,270,8.05546,9.2700622588,0,1009.9,10
EWR,2013,2,4,1,26.96,17.06,65.84,270,5.7539,6.621473042,0,1010.1,10
EWR,2013,2,4,2,26.06,17.06,68.33,270,5.7539,6.621473042,0,1009.9,10
EWR,2013,2,4,3,26.96,17.96,68.44,230,5.7539,6.621473042,0,1009.7,10
EWR,2013,2,4,4,26.96,17.96,68.44,230,9.20624,10.5943568672,0,1009.7,10
EWR,2013,2,4,5,26.96,19.04,71.69,260,10.35702,11.9186514756,0,1009.8,10
EWR,2013,2,4,6,26.06,17.06,68.33,280,14.96014,17.2158299092,0,1010.2,10
EWR,2013,2,4,7,26.06,12.02,54.82,290,18.41248,21.1887137344,0,1010.8,10
EWR,2013,2,4,8,24.98,10.04,52.5,280,16.11092,18.5401245176,0,1011.3,10
EWR,2013,2,4,9,24.08,10.04,54.51,270,16.11092,18.5401245176,0,1012.4,10
EWR,2013,2,4,10,23,8.96,54.34,270,14.96014,17.2158299092,0,1013.2,10
EWR,2013,2,4,11,23,8.96,54.34,260,11.5078,13.242946084,0,1013.9,10
EWR,2013,2,4,12,24.08,8.96,51.93,270,14.96014,17.2158299092,0,1014.6,10
EWR,2013,2,4,13,24.98,8.96,50.02,270,17.2617,19.864419126,0,1015,10
EWR,2013,2,4,14,28.04,8.96,44.07,290,17.2617,19.864419126,0,1015.3,10
EWR,2013,2,4,15,30.02,6.98,37.17,280,18.41248,21.1887137344,0,1015,10
EWR,2013,2,4,16,30.02,6.98,37.17,250,20.71404,23.8373029512,0,1014.7,10
EWR,2013,2,4,17,30.92,8.06,37.63,290,20.71404,23.8373029512,0,1014.2,10
EWR,2013,2,4,18,32,6.98,34.31,260,18.41248,21.1887137344,0,1013.6,10
EWR,2013,2,4,19,30.92,6.08,34.4,260,14.96014,17.2158299092,0,1013.5,10
EWR,2013,2,4,20,30.02,6.08,35.68,280,18.41248,21.1887137344,0,1013.7,10
EWR,2013,2,4,21,28.94,6.08,37.29,260,16.11092,18.5401245176,0,1013.9,10
EWR,2013,2,4,22,28.94,6.98,38.85,260,13.80936,15.8915353008,0,1014.5,10
EWR,2013,2,4,23,28.04,8.06,42.32,230,8.05546,9.2700622588,0,1015.2,10
EWR,2013,2,5,0,28.04,8.96,44.07,250,5.7539,6.621473042,0,1015.2,10
EWR,2013,2,5,1,24.98,10.04,52.5,210,4.60312,5.2971784336,0,1015.1,10
EWR,2013,2,5,2,28.04,10.94,48.15,220,3.45234,3.9728838252,0,1015.1,10
EWR,2013,2,5,3,28.04,12.02,50.52,200,3.45234,3.9728838252,0,1015.1,10
EWR,2013,2,5,4,28.94,14,53.13,0,3.45234,3.9728838252,0,1014.7,10
EWR,2013,2,5,5,28.04,21.02,74.61,210,6.90468,7.9457676504,0,1014.2,10
EWR,2013,2,5,6,28.04,23,81.11,0,0,0,0,1014,9
EWR,2013,2,5,7,28.04,24.08,84.87,0,0,0,0,1013.7,9
EWR,2013,2,5,8,28.04,24.08,84.87,0,0,0,0,1013.6,6
EWR,2013,2,5,9,28.04,24.98,88.12,0,0,0,0.01,1013,7
EWR,2013,2,5,10,28.94,24.98,84.93,30,3.45234,3.9728838252,0,1013.5,8
EWR,2013,2,5,11,28.4,26.6,92.86,20,3.45234,3.9728838252,0,NULL,4
EWR,2013,2,5,12,26.96,23,84.8,10,9.20624,10.5943568672,0,1014.3,6
EWR,2013,2,5,13,28.04,24.08,84.87,20,9.20624,10.5943568672,0,1014.6,6
EWR,2013,2,5,14,28.4,24.8,86.18,20,8.05546,9.2700622588,0,NULL,6
EWR,2013,2,5,15,28.4,24.8,86.18,10,8.05546,9.2700622588,0,NULL,6
EWR,2013,2,5,16,30.2,24.8,80.07,360,10.35702,11.9186514756,0,NULL,6
EWR,2013,2,5,17,30.92,24.98,78.35,10,6.90468,7.9457676504,0,1014.1,7
EWR,2013,2,5,18,30.2,26.6,86.28,30,6.90468,7.9457676504,0,NULL,6
EWR,2013,2,5,19,30.92,26.06,81.95,10,6.90468,7.9457676504,0,1012.9,7
EWR,2013,2,5,20,30.92,26.06,81.95,50,3.45234,3.9728838252,0,1012.9,5
EWR,2013,2,5,21,30.92,26.06,81.95,20,5.7539,6.621473042,0,1012.9,5
EWR,2013,2,5,22,30.92,26.06,81.95,20,5.7539,6.621473042,0,1012.6,6
EWR,2013,2,5,23,32,26.96,81.42,10,4.60312,5.2971784336,0,1013,4
EWR,2013,2,6,0,30.92,28.04,88.92,10,4.60312,5.2971784336,0,1012.9,4
EWR,2013,2,6,1,30.2,28.4,92.92,20,5.7539,6.621473042,0.01,NULL,3
EWR,2013,2,6,2,30.92,28.94,92.26,20,4.60312,5.2971784336,0,1013,3
EWR,2013,2,6,3,30.92,28.94,92.26,30,4.60312,5.2971784336,0,1013.2,3
EWR,2013,2,6,4,32,30.02,92.29,0,0,0,0,1013.3,3
EWR,2013,2,6,5,32,30.02,92.29,340,4.60312,5.2971784336,0,1013.3,3
EWR,2013,2,6,6,32,30.92,95.73,0,0,0,0,1013.4,2
EWR,2013,2,6,7,32,30.2,92.97,0,0,0,0,NULL,2
EWR,2013,2,6,8,30.2,28.4,92.92,230,3.45234,3.9728838252,0,NULL,3
EWR,2013,2,6,9,30.02,28.04,92.23,260,6.90468,7.9457676504,0,1014.5,3
EWR,2013,2,6,10,30.2,26.6,86.28,260,6.90468,7.9457676504,0,NULL,5
EWR,2013,2,6,11,30.92,26.96,85.05,260,5.7539,6.621473042,0,1016.5,5
EWR,2013,2,6,12,30.92,26.96,85.05,260,6.90468,7.9457676504,0,1017.9,4
EWR,2013,2,6,13,33.08,26.06,75.11,270,10.35702,11.9186514756,0,1018.5,6
EWR,2013,2,6,14,35.06,24.98,66.36,290,16.11092,18.5401245176,0,1019.3,9
EWR,2013,2,6,15,37.94,24.98,59.22,280,13.80936,15.8915353008,0,1019.5,10
EWR,2013,2,6,16,39.02,21.92,49.93,290,13.80936,15.8915353008,0,1019.4,10
EWR,2013,2,6,17,39.02,19.94,45.91,270,17.2617,19.864419126,0,1019.4,10
EWR,2013,2,6,18,39.02,21.02,48.07,290,9.20624,10.5943568672,0,1019.7,10
EWR,2013,2,6,19,41,17.96,39.05,290,16.11092,18.5401245176,0,1020.1,10
EWR,2013,2,6,20,39.02,17.06,40.57,290,16.11092,18.5401245176,0,1020.9,10
EWR,2013,2,6,21,37.94,15.08,38.84,310,14.96014,17.2158299092,0,1021.8,10
EWR,2013,2,6,22,37.04,14,38.38,310,10.35702,11.9186514756,0,1023.2,10
EWR,2013,2,6,23,35.96,12.92,38.2,320,11.5078,13.242946084,0,1024.5,10
EWR,2013,2,7,0,35.06,12.92,39.58,320,14.96014,17.2158299092,0,1025.5,10
EWR,2013,2,7,1,33.08,10.94,39.25,340,17.2617,19.864419126,0,1026.4,10
EWR,2013,2,7,2,32,6.98,34.31,350,13.80936,15.8915353008,0,1026.9,10
EWR,2013,2,7,3,30.92,3.92,31.16,340,13.80936,15.8915353008,0,1027.8,10
EWR,2013,2,7,4,28.94,3.02,32.41,350,13.80936,15.8915353008,0,1027.9,10
EWR,2013,2,7,5,28.94,3.92,33.78,340,10.35702,11.9186514756,0,1028.2,10
EWR,2013,2,7,6,26.06,3.92,38.03,10,6.90468,7.9457676504,0,1028.8,10
EWR,2013,2,7,7,26.06,5,39.96,350,8.05546,9.2700622588,0,1029.4,10
EWR,2013,2,7,8,26.06,5,39.96,340,6.90468,7.9457676504,0,1029.5,10
EWR,2013,2,7,9,24.98,6.08,43.91,340,5.7539,6.621473042,0,1030.6,10
EWR,2013,2,7,10,26.06,6.08,41.98,360,6.90468,7.9457676504,0,1030.7,10
EWR,2013,2,7,11,26.06,6.98,43.74,10,4.60312,5.2971784336,0,1031.4,10
EWR,2013,2,7,12,26.06,6.98,43.74,10,4.60312,5.2971784336,0,1032.6,10
EWR,2013,2,7,13,28.04,6.98,40.31,360,6.90468,7.9457676504,0,1032.8,10
EWR,2013,2,7,14,28.04,8.06,42.32,20,6.90468,7.9457676504,0,1032.8,10
EWR,2013,2,7,15,30.02,8.06,39.03,20,10.35702,11.9186514756,0,1033.2,10
EWR,2013,2,7,16,30.92,8.96,39.19,0,0,0,0,1032.3,10
EWR,2013,2,7,17,32,10.04,39.38,80,5.7539,6.621473042,0,1031.7,10
EWR,2013,2,7,18,32,8.96,37.52,70,5.7539,6.621473042,0,1031.3,10
EWR,2013,2,7,19,33.08,8.96,35.92,0,4.60312,5.2971784336,0,1030.7,10
EWR,2013,2,7,20,33.08,10.04,37.7,90,6.90468,7.9457676504,0,1030.3,10
EWR,2013,2,7,21,33.08,8.06,34.5,110,5.7539,6.621473042,0,1029.7,10
EWR,2013,2,7,22,33.08,10.04,37.7,100,5.7539,6.621473042,0,1029.9,10
EWR,2013,2,7,23,32,15.98,51.15,80,6.90468,7.9457676504,0,1030.2,10
EWR,2013,2,8,0,32,19.04,58.37,60,5.7539,6.621473042,0,1030.2,10
EWR,2013,2,8,1,32,19.94,60.66,60,8.05546,9.2700622588,0,1029.6,10
EWR,2013,2,8,2,33.08,21.92,63.17,50,6.90468,7.9457676504,0,1029,10
EWR,2013,2,8,3,33.08,21.92,63.17,40,6.90468,7.9457676504,0,1028.2,10
EWR,2013,2,8,4,33.8,23,64.23,40,6.90468,7.9457676504,0,NULL,10
EWR,2013,2,8,5,35.06,24.98,66.36,60,6.90468,7.9457676504,0,1026.1,10
EWR,2013,2,8,6,35.06,26.06,69.4,60,9.20624,10.5943568672,0,1025.2,10
EWR,2013,2,8,7,35.06,26.06,69.4,60,10.35702,11.9186514756,0,1024.2,10
EWR,2013,2,8,8,35.06,26.96,72.03,50,10.35702,11.9186514756,0,1022.9,10
EWR,2013,2,8,9,33.98,26.06,72.45,30,9.20624,10.5943568672,0,1022.3,10
EWR,2013,2,8,10,33.98,26.06,72.45,30,10.35702,11.9186514756,0,1021.5,10
EWR,2013,2,8,11,33.08,28.94,84.56,30,13.80936,15.8915353008,0,1020.2,3
EWR,2013,2,8,12,33.8,30.2,86.49,30,12.65858,14.5672406924,0,NULL,3
EWR,2013,2,8,13,33.98,32,92.36,30,11.5078,13.242946084,0.02,1018.5,1
EWR,2013,2,8,14,35.06,33.08,92.4,40,11.5078,13.242946084,0.03,1016.9,1
EWR,2013,2,8,15,35.6,33.8,93.08,40,11.5078,13.242946084,0.01,NULL,2
EWR,2013,2,8,16,35.06,33.08,92.4,40,18.41248,21.1887137344,0.04,1013.3,5
EWR,2013,2,8,17,35.6,33.8,93.08,40,14.96014,17.2158299092,0.01,NULL,5
EWR,2013,2,8,18,33.8,30.2,86.49,40,21.86482,25.1615975596,0.05,NULL,4
EWR,2013,2,8,19,33.8,30.2,86.49,30,25.31716,29.1344813848,0,NULL,4
EWR,2013,2,8,20,33.8,32,93.03,20,19.56326,22.5130083428,0.01,NULL,2
EWR,2013,2,8,21,33.8,32,93.03,20,16.11092,18.5401245176,0.02,NULL,2
EWR,2013,2,8,22,32,30.2,92.97,10,19.56326,22.5130083428,0.05,NULL,1
EWR,2013,2,8,23,32,30.2,92.97,10,16.11092,18.5401245176,0.02,NULL,2
EWR,2013,2,9,0,30.2,28.4,92.92,10,19.56326,22.5130083428,0,NULL,2
EWR,2013,2,9,1,30.92,28.04,88.92,360,21.86482,25.1615975596,0,1004,2
EWR,2013,2,9,2,30.92,28.04,88.92,310,13.80936,15.8915353008,0.01,1005.4,2
EWR,2013,2,9,3,30.2,28.4,92.92,320,14.96014,17.2158299092,0,NULL,2
EWR,2013,2,9,4,28.4,26.6,92.86,330,17.2617,19.864419126,0.03,NULL,0
EWR,2013,2,9,5,28.04,26.06,92.16,360,11.5078,13.242946084,0.13,1008.2,0
EWR,2013,2,9,6,28.04,26.96,95.65,350,11.5078,13.242946084,0.09,1008.4,0
EWR,2013,2,9,7,28.4,26.6,92.86,350,13.80936,15.8915353008,0.02,NULL,1
EWR,2013,2,9,8,28.4,28.4,100,320,13.80936,15.8915353008,0,NULL,4
EWR,2013,2,9,9,30.2,26.6,86.28,320,13.80936,15.8915353008,0,NULL,7
EWR,2013,2,9,10,30.2,24.8,80.07,310,14.96014,17.2158299092,0,NULL,10
EWR,2013,2,9,11,30.02,23,74.81,280,10.35702,11.9186514756,0,1011.9,10
EWR,2013,2,9,12,28.4,21.2,74.08,300,14.96014,17.2158299092,0,NULL,10
EWR,2013,2,9,13,26.96,17.96,68.44,310,18.41248,21.1887137344,0,1014.1,10
EWR,2013,2,9,14,26.96,17.06,65.84,310,13.80936,15.8915353008,0,1015.2,10
EWR,2013,2,9,15,28.04,15.98,60.1,310,19.56326,22.5130083428,0,1016.5,10
EWR,2013,2,9,16,28.94,15.98,57.92,320,28.7695,33.10736521,0,1016.8,10
EWR,2013,2,9,17,30.92,15.08,51.38,320,19.56326,22.5130083428,0,1017.1,10
EWR,2013,2,9,18,33.08,14,44.92,300,17.2617,19.864419126,0,1017.8,10
EWR,2013,2,9,19,33.08,10.04,37.7,310,25.31716,29.1344813848,0,1018.3,10
EWR,2013,2,9,20,33.08,8.06,34.5,320,16.11092,18.5401245176,0,1018.9,10
EWR,2013,2,9,21,30.92,10.04,41.13,300,21.86482,25.1615975596,0,1020.1,10
EWR,2013,2,9,22,30.02,8.06,39.03,320,18.41248,21.1887137344,0,1021.6,10
EWR,2013,2,9,23,28.04,8.06,42.32,320,10.35702,11.9186514756,0,1022.8,10
EWR,2013,2,10,0,26.96,6.98,42.14,310,11.5078,13.242946084,0,1024,10
EWR,2013,2,10,1,24.98,6.98,45.74,310,12.65858,14.5672406924,0,1025.4,10
EWR,2013,2,10,2,24.08,6.98,47.49,310,11.5078,13.242946084,0,1026.5,10
EWR,2013,2,10,3,21.92,8.06,54.61,300,9.20624,10.5943568672,0,1027,10
EWR,2013,2,10,4,19.94,6.98,56.56,310,6.90468,7.9457676504,0,1027.8,10
EWR,2013,2,10,5,19.94,6.98,56.56,310,11.5078,13.242946084,0,1028.2,10
EWR,2013,2,10,6,19.04,6.98,58.78,310,9.20624,10.5943568672,0,1028.4,10
EWR,2013,2,10,7,19.04,6.98,58.78,310,10.35702,11.9186514756,0,1028.5,10
EWR,2013,2,10,8,19.04,6.98,58.78,330,6.90468,7.9457676504,0,1028.5,10
EWR,2013,2,10,9,17.06,8.06,67.21,250,4.60312,5.2971784336,0,1028.9,10
EWR,2013,2,10,10,15.98,8.06,70.43,290,5.7539,6.621473042,0,1029.7,10
EWR,2013,2,10,11,15.98,6.98,67.07,350,4.60312,5.2971784336,0,1030.1,10
EWR,2013,2,10,12,17.96,8.06,64.65,0,0,0,0,1031,10
EWR,2013,2,10,13,23,8.06,52.18,330,5.7539,6.621473042,0,1031.8,10
EWR,2013,2,10,14,26.06,8.96,47.82,360,3.45234,3.9728838252,0,1032.2,10
EWR,2013,2,10,15,26.96,8.96,46.08,0,0,0,0,1032.4,10
EWR,2013,2,10,16,28.94,10.04,44.58,200,3.45234,3.9728838252,0,1031.8,10
EWR,2013,2,10,17,32,8.96,37.52,0,0,0,0,1030.4,10
EWR,2013,2,10,18,33.98,12.92,41.33,0,0,0,0,1029.8,10
EWR,2013,2,10,19,35.06,14,41.51,210,3.45234,3.9728838252,0,1029.6,10
EWR,2013,2,10,20,33.98,10.04,36.37,190,5.7539,6.621473042,0,1029,10
EWR,2013,2,10,21,33.98,10.94,37.86,190,4.60312,5.2971784336,0,1028.7,10
EWR,2013,2,10,22,33.98,15.08,45.43,160,3.45234,3.9728838252,0,1029.1,10
EWR,2013,2,10,23,32,17.96,55.72,170,4.60312,5.2971784336,0,1029,10
EWR,2013,2,11,0,32,19.04,58.37,150,5.7539,6.621473042,0,1028.9,10
EWR,2013,2,11,1,32,19.94,60.66,0,0,0,0,1028.5,10
EWR,2013,2,11,2,30.92,21.02,66.34,160,3.45234,3.9728838252,0,1028.2,10
EWR,2013,2,11,3,30.92,21.02,66.34,180,4.60312,5.2971784336,0,1027.4,10
EWR,2013,2,11,4,32,21.92,65.97,170,3.45234,3.9728838252,0,1027.3,10
EWR,2013,2,11,5,30.92,21.92,68.92,0,0,0,0,1026.5,10
EWR,2013,2,11,6,30.92,21.02,66.34,0,0,0,0,1026,10
EWR,2013,2,11,7,32,23,69.04,0,0,0,0,1024.8,10
EWR,2013,2,11,8,33.08,26.06,75.11,0,0,0,0,1023.5,9
EWR,2013,2,11,9,32,26.96,81.42,20,3.45234,3.9728838252,0,1022.2,10
EWR,2013,2,11,10,33.98,28.94,81.57,20,3.45234,3.9728838252,0.01,1021.1,8
EWR,2013,2,11,11,35.6,33.8,93.08,0,0,0,0.04,NULL,4
EWR,2013,2,11,12,37.4,37.4,100,0,0,0,0.06,NULL,3
EWR,2013,2,11,13,37.4,35.6,93.14,40,4.60312,5.2971784336,0.05,NULL,2
EWR,2013,2,11,14,35.6,35.6,100,20,5.7539,6.621473042,0.06,NULL,1
EWR,2013,2,11,15,35.96,35.96,100,30,5.7539,6.621473042,0.02,1014.5,0
EWR,2013,2,11,16,37.04,35.96,95.82,360,3.45234,3.9728838252,0.01,1013.4,0
